Territory,Year,arson,attacks,attempted homicides,bag-snatching,bank robbery,blows,burglary,car theft,child pornography and possession of paedo-pornographic materials,corruption of a minor,counteractions of goods and industrial products,criminal association,culpable injuries,cybercrime,damage followed by arson,damages,exploitation and abetting prostitution,extortions,forest arson,homicides for theft or robbery,homicides from road accident,homicides of mafia,house robbery,infanticides,intellectual property violations,intentional homicides,kidnappings,mafia criminal association,manslaughter,mass murder,menaces,money laundering,moped theft,motorcycle theft,offences,other crimes,pickpocketing,post office robbery,receiving stolen goods,robberies,sexual activity with a minor,sexual violence,shop robbery,shoplifting,smuggling,street robbery,swindles and cyber frauds,terrorist homicides,theft from vehicle,theft of art objets,theft of cargo trucks carrying freights,thefts,total_crime,trafficking and drugs possession,unintentional homicides,usury,all_levels_education,"no educational degree, primary and lower secondary school certificate","tertiary (university, doctoral and specialization courses)",upper and post secondary
Abruzzo,2018,7.1,0.5,1.8,6.8,0.2,17.6,233.4,100.7,1.3,0.2,7.1,1.0,100.2,25.7,7.8,357.3,0.8,16.4,1.4,0.1,1.5,0.0,2.3,0.0,0.4,0.5,1.2,0.0,0.0,0.0,114.4,1.3,14.5,13.5,0.0,676.8,72.3,0.4,22.9,21.8,0.7,6.2,4.6,110.6,0.0,8.5,286.8,0.0,144.6,0.5,1.8,1308.0,3738.3,59.5,2.4,0.8,32.680126,38.316767999999996,26.000501,32.326421
Abruzzo,2019,10.2,0.3,1.2,5.2,0.5,18.1,225.1,87.6,2.6,0.2,6.7,0.2,95.6,30.2,7.0,360.0,0.7,16.0,3.5,0.0,1.5,0.0,3.2,0.0,0.8,0.5,1.8,0.0,0.0,0.0,116.1,1.0,14.1,14.4,0.0,720.0,60.1,0.5,19.0,20.6,0.5,6.6,3.4,90.1,0.0,7.6,297.8,0.0,100.1,0.4,2.1,1132.8,3638.4,62.7,2.8,0.9,33.694878,34.98735,27.590429999999998,35.703947
Abruzzo,2020,11.4,0.5,1.1,5.5,0.2,18.6,141.4,64.9,1.4,0.2,3.6,0.3,87.9,36.0,7.2,314.1,0.3,14.3,4.7,0.0,1.0,0.0,1.9,0.0,0.6,0.2,1.0,0.2,0.0,0.0,117.2,1.0,7.6,10.8,0.0,765.2,30.9,0.2,16.7,16.8,0.4,6.0,4.3,58.9,0.0,7.6,395.6,0.0,68.4,0.5,0.5,781.3,3371.4,51.2,4.2,1.2,29.198303000000003,35.245624,27.27322,26.777367
Abruzzo,2021,12.5,0.1,0.9,6.0,0.2,16.8,183.7,59.3,1.3,0.3,4.2,0.6,97.1,39.6,8.5,350.1,0.2,13.5,5.9,0.0,1.6,0.0,2.8,0.0,0.2,0.3,0.9,0.1,0.2,0.0,114.3,1.9,7.4,8.3,0.0,775.8,34.4,0.2,14.3,18.3,0.8,6.6,2.7,55.8,0.0,8.7,425.3,0.0,65.1,0.4,1.0,807.5,3457.9,48.9,3.9,0.5,28.190858000000002,29.031810999999998,24.533459,29.533889
Basilicata,2018,25.5,0.4,1.4,6.5,0.5,20.2,139.8,58.6,0.0,0.4,5.0,1.9,103.7,11.3,11.0,276.5,0.7,14.3,10.3,0.2,1.8,0.0,2.8,0.0,0.7,1.1,1.1,0.0,0.0,0.0,148.5,3.7,5.1,5.0,0.0,685.3,28.0,0.5,20.0,12.7,0.7,3.7,3.7,36.6,0.0,2.5,261.9,0.0,53.8,0.5,1.2,681.1,3168.2,44.1,3.9,0.2,37.607594999999996,38.049563,32.146766,39.258222
Basilicata,2019,65.4,0.0,2.0,3.2,1.1,17.5,105.2,55.5,0.2,0.0,4.5,0.2,102.0,15.0,13.0,281.1,0.2,12.3,34.1,0.0,1.4,0.2,2.7,0.0,0.2,0.2,1.3,0.5,0.2,0.0,143.6,2.7,3.9,3.0,0.0,707.4,27.0,0.2,15.9,9.8,0.5,6.1,1.6,33.8,0.0,1.8,302.6,0.0,42.5,0.2,5.2,579.6,3113.0,48.9,2.7,0.0,32.786611,33.43032,33.388073000000006,32.170182
Basilicata,2020,52.3,0.0,2.4,1.3,0.2,20.9,93.6,31.2,0.7,0.0,2.4,1.1,93.7,23.4,11.6,261.6,0.2,13.6,31.2,0.0,1.1,0.0,0.7,0.0,0.0,0.5,1.8,0.4,0.4,0.0,168.8,3.6,1.6,2.2,0.0,788.9,11.3,0.0,12.4,8.0,0.4,6.5,0.9,20.0,0.0,4.0,336.8,0.0,21.4,0.4,2.4,418.2,3093.3,46.3,2.7,0.5,26.787367,29.262535,24.514694,26.258094999999997
Basilicata,2021,62.7,0.0,1.8,1.8,0.0,21.0,96.8,26.0,0.0,0.7,3.1,1.1,92.2,26.5,16.2,278.7,0.2,14.9,41.1,0.0,3.1,0.0,2.6,0.0,0.0,0.2,2.0,0.6,0.2,0.0,141.4,1.7,2.8,1.8,0.0,850.4,14.0,0.0,9.6,7.9,0.0,6.1,1.3,19.9,0.0,2.2,393.5,0.0,15.3,0.2,1.5,401.6,3213.8,37.6,6.5,0.6,24.98739,30.097250000000003,19.360231,24.146659
Calabria,2018,21.9,1.1,3.1,8.8,0.0,26.5,139.6,166.0,0.5,0.2,6.8,1.3,94.4,12.7,43.1,343.3,1.0,19.3,12.0,0.0,1.8,0.2,2.3,0.0,1.8,1.7,1.6,0.8,0.1,0.2,176.0,3.2,8.1,13.0,0.0,715.8,31.0,0.9,28.6,18.7,0.8,5.2,2.4,62.3,0.0,9.1,304.5,0.0,112.7,0.4,1.5,1056.8,3741.8,52.5,3.9,0.3,64.93215699999999,77.148469,52.081308,60.114312
Calabria,2019,38.8,1.4,2.3,5.4,0.2,26.2,128.4,120.8,0.4,0.2,7.6,1.3,92.7,18.3,41.3,336.4,0.7,18.4,27.9,0.0,1.3,0.2,2.7,0.0,4.1,1.5,2.1,1.3,0.2,0.0,185.6,2.2,8.5,15.1,0.0,739.9,27.1,0.5,25.6,14.0,1.5,6.5,1.5,50.0,0.0,6.2,332.4,0.0,82.6,0.4,1.1,871.9,3614.3999999999996,54.8,3.5,0.6,63.29693,76.901208,40.510052,62.515876
Calabria,2020,39.6,1.2,2.3,3.1,0.1,23.6,91.9,102.1,1.0,0.2,2.5,2.0,83.7,20.8,35.4,306.2,0.5,17.8,30.0,0.1,1.3,0.1,2.2,0.0,1.2,0.7,1.0,1.0,0.1,0.0,169.2,3.0,6.2,11.6,0.0,805.9,13.3,0.1,20.3,12.0,0.8,6.7,1.3,32.0,0.0,5.8,365.4,0.0,53.3,0.5,1.4,635.9,3436.7,59.5,3.5,0.5,60.597077999999996,77.220414,39.701653,57.05703
Calabria,2021,45.8,0.7,2.6,3.7,0.0,30.3,81.4,96.4,2.1,0.1,5.1,1.9,91.7,23.4,42.3,365.5,1.1,17.2,33.7,0.0,2.0,0.1,2.2,0.0,0.3,0.5,1.3,0.6,0.2,0.1,177.7,1.6,7.0,10.6,0.0,896.6,15.9,0.1,18.8,9.7,0.8,5.9,0.9,34.7,0.0,4.7,424.9,0.0,41.6,0.2,1.0,605.6,3665.4,55.4,5.2,0.3,54.383635,63.992021,35.254231,55.878343
Campania,2018,8.3,0.6,2.2,47.5,0.6,25.7,163.9,355.6,0.6,0.3,16.8,1.6,127.2,15.7,9.5,181.8,0.9,22.4,1.4,0.0,1.2,0.1,4.0,0.0,2.4,0.7,2.6,0.6,0.1,0.1,167.8,4.7,31.2,97.0,0.0,774.8,147.6,0.4,35.0,104.3,0.7,5.5,7.0,92.1,6.9,72.5,353.7,0.0,219.8,0.6,1.4,1810.2,4544.3,58.0,2.5,0.8,61.334804,81.521981,30.841927,56.835558
Campania,2019,15.3,0.4,2.2,42.4,0.4,25.3,151.4,384.1,1.4,0.2,17.2,1.2,121.1,19.1,10.7,183.2,0.7,20.7,6.7,0.0,1.3,0.2,2.7,0.0,1.6,0.6,1.5,1.2,0.1,0.0,164.0,3.6,29.2,85.0,0.0,815.4,138.7,0.3,30.9,83.3,0.7,5.8,6.0,75.8,6.3,55.8,355.1,0.0,200.1,0.3,1.1,1699.8,4406.9,52.8,3.0,0.7,60.465755,81.695743,33.553757,53.783441999999994
Campania,2020,16.6,0.3,2.1,29.7,0.2,24.8,107.0,338.6,1.0,0.1,11.3,1.1,94.3,26.1,9.1,160.6,0.7,20.2,9.3,0.0,0.9,0.2,2.9,0.0,0.5,0.6,1.5,0.9,0.1,0.0,153.3,3.7,23.9,75.6,0.0,820.8,73.2,0.1,24.6,63.6,0.7,5.5,6.1,49.1,7.9,38.8,425.1,0.0,128.9,0.2,0.7,1277.0,3922.8999999999996,45.0,2.8,0.8,55.41375600000001,75.43062499999999,31.066035,49.698847
Campania,2021,13.6,0.4,2.2,35.6,0.1,28.3,126.5,388.5,1.6,0.1,12.0,1.4,101.4,30.4,10.1,193.9,0.4,21.0,7.1,0.0,1.6,0.3,2.9,0.0,0.4,0.8,1.4,1.1,0.0,0.1,156.2,3.7,30.7,89.4,0.0,902.2,94.8,0.3,23.8,62.3,0.9,6.6,6.5,54.4,8.6,37.9,487.3,0.0,133.9,0.4,0.5,1496.5,4355.3,41.9,3.6,0.6,58.057344,80.93602,26.585821,53.728169
Centro,2011,21.4,0.5,2.6,27.3,3.2,21.4,366.2,215.6,0.6,0.2,23.6,2.0,116.6,13.7,9.5,682.6,2.8,9.7,11.3,0.0,2.3,0.0,5.2,0.0,2.7,0.7,2.8,0.0,0.1,0.0,129.7,2.1,55.0,110.1,105.8,707.3,271.7,0.7,44.1,61.3,0.7,8.1,11.8,176.7,0.8,26.6,171.9,0.0,348.7,1.7,1.5,2720.0,5831.6,70.3,3.2,0.5,23.01127,0.0,0.0,0.0
Centro,2012,23.9,0.6,2.3,31.4,2.4,23.8,428.8,219.0,0.7,0.2,26.0,2.4,123.4,15.6,10.3,655.9,3.0,10.1,13.8,0.1,2.3,0.0,5.9,0.0,2.6,0.6,2.8,0.0,0.1,0.0,142.4,2.9,49.5,104.3,113.1,765.6,331.3,0.7,49.6,63.6,1.0,8.8,13.0,191.8,0.8,27.6,200.2,0.0,374.9,1.3,1.5,2931.5,6240.5,75.2,3.4,0.6,28.868061,0.0,0.0,0.0
Centro,2013,10.8,0.5,2.2,33.5,2.3,23.0,430.2,201.5,1.0,0.2,18.1,1.5,112.4,19.2,8.4,576.0,2.5,10.7,3.8,0.1,1.8,0.0,5.8,0.0,1.1,0.8,2.3,0.1,0.1,0.0,135.1,4.6,40.2,86.5,104.7,832.7,390.7,0.6,46.5,59.8,0.7,7.8,10.6,201.3,0.4,28.2,225.5,0.0,370.9,1.4,1.4,2949.7,6184.5,74.6,2.9,0.5,32.70807,0.0,0.0,0.0
Centro,2014,9.4,0.6,1.9,32.4,1.3,21.7,414.4,187.9,1.0,0.3,17.3,1.3,110.6,24.8,8.1,452.3,2.4,12.2,2.6,0.1,1.9,0.0,5.6,0.0,1.3,0.9,2.1,0.0,0.1,0.0,127.7,3.6,34.4,84.4,98.8,762.5,436.1,0.7,48.2,57.4,0.9,7.6,11.0,191.0,0.2,27.6,207.7,0.0,405.9,1.1,1.1,2989.5,5960.7,75.0,2.9,0.6,34.628890999999996,0.0,0.0,0.0
Centro,2015,13.9,0.6,1.9,30.4,1.7,20.3,393.9,178.0,1.0,0.2,21.3,1.1,104.2,20.5,8.5,446.7,1.6,16.7,6.7,0.1,2.1,0.0,5.5,0.0,1.8,0.5,1.7,0.0,0.0,0.0,120.5,3.7,30.1,77.8,86.7,719.8,410.7,0.5,45.2,50.9,0.6,6.8,9.4,189.8,0.3,23.6,234.0,0.0,390.2,0.9,1.9,2773.8,5650.9,73.5,3.2,0.7,32.323486,0.0,0.0,0.0
Centro,2016,12.3,0.5,1.8,27.9,1.1,19.5,352.2,172.8,1.0,0.2,15.4,1.3,102.5,22.0,7.3,405.6,1.6,15.5,6.1,0.0,2.1,0.0,4.4,0.0,1.4,0.5,1.7,0.0,0.0,0.0,108.6,4.1,29.2,67.4,22.4,732.0,354.4,0.6,38.7,48.6,0.9,6.7,8.6,173.4,0.1,24.1,241.0,0.0,362.9,1.1,1.4,2490.6,5191.599999999999,81.7,2.9,0.5,31.589509,0.0,0.0,0.0
Centro,2017,17.2,0.4,1.7,27.9,0.7,19.2,342.9,177.2,1.2,0.2,11.6,1.0,107.1,17.8,10.5,418.5,1.4,12.5,9.2,0.0,2.0,0.0,3.9,0.0,0.8,0.4,1.6,0.0,0.0,0.0,113.3,4.9,27.8,64.0,3.6,772.9,359.9,0.4,36.7,45.1,0.8,8.2,8.0,172.2,0.0,23.6,269.3,0.0,336.8,0.8,1.0,2460.2,5236.2,83.3,2.8,0.4,30.12836,0.0,0.0,0.0
Centro,2018,7.2,0.4,1.6,24.2,0.5,19.3,353.1,178.0,1.2,0.2,13.3,0.9,110.4,22.7,7.4,435.1,1.4,14.7,2.4,0.0,1.8,0.0,4.0,0.0,0.5,0.4,1.7,0.1,0.1,0.0,111.7,4.1,21.2,57.7,0.0,758.7,346.9,0.3,34.7,45.5,0.8,8.9,7.7,159.2,0.0,24.7,314.1,0.0,306.6,0.6,0.9,2322.4,5151.1,89.5,2.9,0.2,28.308049,36.560363,16.149344,29.996316
Centro,2019,10.0,0.3,1.7,23.0,0.4,21.0,313.7,158.8,1.3,0.2,10.2,0.7,108.9,27.2,7.4,457.8,1.1,14.1,4.6,0.0,1.8,0.0,3.4,0.0,1.1,0.4,1.3,0.1,0.1,0.0,109.9,4.1,18.3,57.3,0.0,819.7,318.8,0.2,31.5,39.3,1.0,8.4,7.0,138.9,0.0,20.3,337.7,0.0,277.0,0.7,0.6,2094.3,5009.099999999999,83.3,2.9,0.3,26.038615999999998,32.135014,16.542284,27.76153
Centro,2020,10.3,0.3,1.4,15.4,0.2,19.9,209.8,128.0,1.7,0.3,4.8,0.7,93.0,33.2,8.1,406.6,0.6,14.3,4.9,0.0,1.7,0.0,3.3,0.0,0.5,0.4,1.4,0.0,0.1,0.0,109.0,3.1,13.4,40.6,0.0,808.2,170.2,0.2,21.9,33.9,0.6,7.5,5.4,97.9,0.0,18.6,401.0,0.0,187.0,0.4,0.4,1401.5,4195.4,67.6,2.9,0.5,24.836959999999998,33.076522,15.671605,25.229989
Centro,2021,12.6,0.3,1.6,20.0,0.2,21.6,241.6,135.9,1.9,0.2,5.8,0.6,100.6,35.1,8.8,457.1,0.6,16.8,6.6,0.0,1.6,0.0,2.9,0.0,0.2,0.4,1.3,0.0,0.1,0.1,109.4,1.7,15.1,46.5,0.0,842.7,212.3,0.1,20.9,36.5,0.8,8.6,5.3,106.4,0.0,21.3,488.4,0.0,180.8,0.6,0.4,1600.0,4598.5,63.6,2.8,0.2,25.965837999999998,34.73942,14.724687,27.259943999999997
Emilia-Romagna,2018,3.8,0.5,1.2,24.8,0.5,28.0,479.2,51.7,1.5,0.5,6.8,0.6,124.2,17.8,7.4,483.9,1.1,15.9,0.3,0.0,2.9,0.0,4.1,0.0,0.1,0.4,1.6,0.0,0.0,0.0,123.9,2.8,15.3,15.7,0.0,904.5,407.4,0.5,34.3,45.7,1.0,10.3,7.8,213.8,0.0,23.9,299.2,0.0,333.8,0.9,1.5,2621.6,5662.3,65.6,3.7,0.1,17.499003,26.885471000000003,9.670154,15.774735
Emilia-Romagna,2019,5.0,0.2,1.4,19.4,0.8,30.6,413.6,49.0,1.3,0.5,3.7,0.5,126.3,28.2,6.1,474.8,1.2,15.2,1.1,0.0,3.2,0.0,3.5,0.0,0.1,0.5,1.5,0.0,0.1,0.0,124.9,3.8,13.6,16.3,0.0,977.7,357.7,0.3,26.8,40.8,1.2,12.5,6.9,189.1,0.0,21.3,339.9,0.0,310.1,0.6,1.3,2321.7,5455.9,64.1,4.6,0.2,16.621878000000002,23.121966,11.678803,15.438092000000001
Emilia-Romagna,2020,5.2,0.4,1.2,19.3,0.5,28.8,290.0,35.9,1.9,0.3,2.7,0.6,106.2,30.2,6.2,404.0,0.8,14.9,1.5,0.0,2.0,0.0,3.2,0.0,0.2,0.3,1.3,0.0,0.0,0.0,116.0,3.7,12.2,13.1,0.0,916.6,193.8,0.2,21.5,37.7,0.8,10.4,6.0,127.6,0.1,20.5,400.5,0.0,179.9,0.5,0.7,1574.6,4512.1,55.7,3.2,0.2,17.739258,24.152127,10.525235,17.885604
Emilia-Romagna,2021,6.9,0.2,1.3,19.6,0.1,32.6,305.0,35.0,2.0,0.5,3.2,0.8,120.0,39.3,7.2,454.7,0.7,17.3,2.9,0.0,2.2,0.0,3.5,0.0,2.0,0.7,0.9,0.0,0.0,0.0,121.0,2.6,10.7,16.1,0.0,1027.2,208.1,0.2,22.7,47.8,0.9,14.2,6.7,142.1,0.0,30.4,448.6,0.0,166.5,0.4,0.5,1650.9,4920.4,51.5,3.1,0.2,16.393483,23.082340000000002,9.784462999999999,16.049111
Friuli-Venezia Giulia,2018,3.4,0.2,0.8,6.1,0.0,19.6,288.6,24.2,1.6,0.0,4.0,0.5,89.4,11.7,4.4,254.4,1.3,8.9,0.7,0.0,2.5,0.0,2.9,0.0,0.1,0.7,1.1,0.0,0.1,0.0,79.9,2.1,6.0,12.6,0.0,623.7,119.9,0.0,20.5,16.9,0.7,8.7,3.7,112.9,0.2,6.7,392.9,0.0,142.3,0.3,0.0,1215.0,3556.1000000000004,61.6,3.5,0.2,20.087432,25.610642,12.778347,20.391933
Friuli-Venezia Giulia,2019,3.5,0.1,1.9,3.5,0.2,20.4,243.0,18.7,1.2,0.5,5.6,0.5,96.3,13.1,4.7,270.9,2.0,7.7,0.3,0.0,2.1,0.0,1.6,0.1,0.7,0.3,0.9,0.1,0.0,0.0,86.9,1.7,4.8,9.2,0.0,610.4,95.8,0.1,19.0,16.3,0.7,10.2,3.5,100.3,0.2,7.4,481.2,0.0,159.4,0.4,0.1,1117.6,3546.7,47.2,3.0,0.1,18.288202,24.720532,13.02531,17.334283
Friuli-Venezia Giulia,2020,2.7,0.2,0.7,3.5,0.0,21.5,148.1,11.5,1.4,0.7,6.2,0.2,85.2,18.7,5.6,223.9,1.0,10.9,0.2,0.1,1.6,0.0,2.7,0.0,0.2,0.2,0.6,0.0,0.0,0.0,85.8,1.2,3.5,10.5,0.0,622.0,50.5,0.0,17.1,13.1,1.0,10.2,2.1,61.0,0.1,6.7,511.4,0.0,94.1,0.4,0.0,718.6,3154.0,49.1,3.0,0.6,17.030231999999998,23.935212,11.32803,16.324767
Friuli-Venezia Giulia,2021,1.9,0.6,1.3,4.9,0.0,23.1,180.6,12.6,1.3,0.5,4.4,0.9,94.6,19.4,4.4,247.9,1.3,12.2,0.2,0.0,2.3,0.0,1.8,0.0,0.3,0.2,1.1,0.0,0.0,0.0,84.8,1.8,5.7,16.8,0.0,618.2,39.7,0.0,14.5,13.9,0.7,10.9,3.4,61.1,0.1,5.9,640.2,0.0,78.1,0.4,0.1,793.2,3371.9,46.9,3.0,0.0,17.090457,21.768125,12.356491,16.939888
Italy,2011,21.4,0.7,2.3,29.1,2.2,25.0,337.4,209.0,0.5,0.2,15.2,1.5,112.8,11.4,17.3,656.3,2.5,10.0,9.7,0.0,2.1,0.1,4.7,0.0,3.2,0.9,2.4,0.2,0.1,0.0,137.2,2.2,46.3,70.1,107.7,664.9,220.9,0.7,39.1,66.8,0.8,7.6,10.3,152.7,1.7,34.0,174.1,0.0,323.2,1.2,2.0,2404.7,5384.1,56.0,2.9,0.6,25.419694999999997,0.0,0.0,0.0
Italy,2012,22.1,0.9,2.2,33.6,2.1,26.3,398.6,212.7,0.6,0.2,15.0,1.6,116.8,12.3,18.8,612.1,2.2,10.9,10.3,0.1,2.0,0.1,5.9,0.0,2.6,0.9,2.5,0.1,0.1,0.0,145.0,2.8,44.5,70.9,112.9,690.3,249.7,0.7,42.1,71.6,0.9,7.9,11.9,165.6,2.2,35.6,196.1,0.0,319.8,1.1,2.1,2554.0,5614.0,56.9,2.9,0.7,32.471287,0.0,0.0,0.0
Italy,2013,12.3,0.8,2.0,33.2,2.0,25.9,417.4,204.1,0.8,0.3,12.4,1.3,110.1,15.6,16.3,566.4,1.9,11.4,3.4,0.1,1.7,0.1,6.0,0.0,1.8,0.8,2.2,0.1,0.1,0.0,143.3,3.1,36.1,62.4,110.3,763.4,275.8,0.7,42.0,72.6,0.9,7.5,11.4,173.3,2.1,37.0,233.4,0.0,322.7,1.0,2.1,2581.2,5677.9,55.7,2.7,0.8,37.017916,0.0,0.0,0.0
Italy,2014,11.3,0.6,2.1,31.4,1.3,25.1,420.9,197.3,0.9,0.3,12.9,1.6,108.9,17.8,14.1,459.4,1.8,13.5,2.9,0.0,1.8,0.1,5.3,0.0,1.8,0.8,2.1,0.1,0.1,0.0,140.2,2.6,30.7,60.5,106.3,722.4,295.5,0.6,41.0,64.5,0.8,7.0,10.2,175.1,2.0,33.8,219.2,0.0,334.3,1.0,1.7,2588.0,5495.4,54.7,2.7,0.7,38.483892999999995,0.0,0.0,0.0
Italy,2015,14.7,0.7,2.0,29.3,1.3,25.1,386.5,188.4,1.0,0.2,13.9,1.4,105.5,16.2,14.7,468.9,1.6,16.2,6.3,0.1,1.8,0.1,5.0,0.0,2.0,0.8,1.9,0.1,0.0,0.0,135.9,3.0,26.7,55.8,96.5,691.6,285.2,0.5,38.0,57.7,0.8,6.6,8.8,168.0,1.8,30.4,238.8,0.0,317.1,0.8,1.8,2409.9,5267.2,53.7,2.9,0.6,35.972831,0.0,0.0,0.0
Italy,2016,13.2,0.5,1.8,27.5,0.9,22.8,353.1,182.4,0.8,0.2,12.8,1.1,104.2,17.9,14.0,412.1,1.6,15.8,5.6,0.0,1.9,0.1,4.2,0.0,1.7,0.7,1.7,0.1,0.0,0.0,123.7,2.9,24.1,50.9,26.0,694.9,267.5,0.6,35.8,54.3,0.8,6.7,8.0,158.0,0.7,29.7,249.8,0.0,294.1,0.8,1.6,2221.2,4873.4,59.6,2.7,0.7,35.224306,0.0,0.0,0.0
Italy,2017,17.0,0.5,1.8,26.5,0.7,23.4,323.5,170.2,0.9,0.3,10.5,1.0,107.1,17.5,16.2,418.0,1.3,14.0,8.5,0.0,1.9,0.1,3.8,0.0,1.3,0.6,1.7,0.1,0.0,0.0,125.0,3.1,22.2,47.1,3.4,725.8,263.2,0.4,33.1,50.5,0.8,7.7,7.5,148.5,0.6,27.9,271.2,0.0,267.9,0.7,1.2,2090.8,4791.7,65.4,2.8,0.5,33.796651,0.0,0.0,0.0
Italy,2018,7.9,0.5,1.7,24.5,0.5,23.1,316.7,171.2,1.0,0.2,9.8,0.9,108.2,22.0,12.7,426.5,1.0,16.5,1.9,0.0,1.8,0.0,3.5,0.0,1.0,0.5,1.6,0.2,0.1,0.0,124.1,3.1,17.9,43.3,0.0,719.4,251.8,0.4,30.1,47.1,0.8,8.1,6.9,140.3,0.7,26.6,313.0,0.0,252.0,0.5,1.1,1973.8,4703.7,66.8,2.9,0.3,31.79884,43.768924,18.009304,30.099942
Italy,2019,10.8,0.3,1.7,20.7,0.4,23.9,274.2,162.0,1.3,0.3,8.3,0.7,107.6,26.8,12.3,434.9,0.9,14.9,4.4,0.0,1.8,0.0,3.0,0.0,0.9,0.5,1.4,0.3,0.1,0.0,123.9,3.0,15.6,38.9,0.0,768.4,227.4,0.3,26.8,40.3,0.9,8.1,6.1,123.4,0.7,22.1,351.7,0.0,226.4,0.5,1.0,1777.3,4589.900000000001,65.2,2.9,0.3,29.854329999999997,41.455618,17.379137,28.053624
Italy,2020,10.6,0.4,1.5,15.7,0.2,22.8,184.2,127.3,1.8,0.3,4.9,0.8,90.3,32.5,11.6,374.7,0.6,14.7,5.0,0.0,1.4,0.0,2.6,0.0,0.4,0.5,1.3,0.2,0.0,0.0,118.2,3.0,12.0,30.0,0.0,748.8,124.4,0.2,20.5,33.6,0.7,7.6,5.1,86.2,0.8,18.6,417.5,0.0,142.3,0.4,0.7,1213.9,3931.8,59.1,2.8,0.4,28.133391,39.430208,16.515173,26.392895000000003
Italy,2021,11.8,0.4,1.6,18.9,0.2,25.6,211.0,139.0,2.0,0.3,5.8,1.0,99.5,37.3,13.4,431.6,0.6,17.0,5.6,0.0,1.7,0.0,2.8,0.0,0.4,0.5,1.3,0.2,0.1,0.0,119.8,2.3,13.7,33.3,0.0,790.9,157.3,0.1,20.9,37.4,0.8,8.9,5.4,96.1,0.9,21.8,498.5,0.0,136.4,0.5,0.4,1373.0,4318.4,52.7,3.0,0.3,28.639347,40.283186,15.432178,27.500892999999998
Lazio,2018,6.5,0.4,2.1,30.8,0.4,16.0,271.9,313.9,0.8,0.2,18.0,0.6,109.0,18.1,9.3,405.6,1.3,15.1,1.1,0.0,1.9,0.0,4.0,0.0,0.8,0.4,1.6,0.2,0.1,0.0,111.0,3.1,18.2,88.8,0.0,754.9,411.3,0.3,34.5,57.9,0.8,9.1,9.9,151.1,0.0,32.5,339.0,0.0,346.6,0.4,0.9,2584.5,5436.3,104.1,3.2,0.3,33.435962,43.283146,17.313878000000003,37.983926999999994
Lazio,2019,9.7,0.2,2.3,31.7,0.4,17.6,247.6,284.1,1.1,0.2,14.7,0.6,107.6,22.6,10.1,438.3,1.0,15.8,3.6,0.1,2.0,0.0,3.5,0.0,2.0,0.5,1.4,0.1,0.1,0.0,112.7,2.9,17.7,89.6,0.0,831.2,357.2,0.2,33.3,49.0,1.0,8.8,9.7,137.4,0.0,24.6,363.8,0.0,333.8,0.4,0.6,2366.9,5337.3,95.9,3.3,0.4,29.881610000000002,36.927988,18.810562,33.113455
Lazio,2020,12.2,0.4,2.0,21.4,0.2,18.6,194.1,234.1,1.3,0.3,5.8,0.8,93.1,30.9,11.7,404.0,0.7,15.6,5.4,0.0,1.9,0.0,3.9,0.0,0.8,0.5,1.7,0.0,0.1,0.0,114.4,2.9,12.9,64.6,0.0,845.7,214.0,0.2,21.7,42.6,0.6,7.5,7.2,99.2,0.0,23.1,423.0,0.0,243.9,0.3,0.4,1685.2,4561.3,76.7,3.5,0.7,28.261855,40.709361,15.939291,29.705494
Lazio,2021,12.3,0.4,2.0,27.7,0.3,20.7,225.5,247.5,1.5,0.2,7.6,0.7,100.2,31.1,12.0,468.8,0.6,18.3,5.4,0.0,1.7,0.0,3.1,0.0,0.3,0.5,1.4,0.1,0.1,0.1,116.3,2.0,15.4,75.0,0.0,895.5,315.2,0.1,21.0,47.5,0.8,8.4,7.7,115.5,0.0,27.3,476.6,0.0,237.5,0.5,0.4,2004.0,5078.2,74.0,3.1,0.3,30.135453,42.929028,15.099326999999999,33.118206
Liguria,2018,12.0,0.5,2.6,28.0,0.3,24.6,348.1,49.3,1.9,0.5,19.3,0.4,122.9,65.0,8.6,771.7,1.3,14.0,5.3,0.0,1.7,0.0,2.5,0.0,0.4,0.5,1.5,0.0,0.0,0.0,121.4,2.6,23.2,108.2,0.0,747.2,405.6,0.4,53.3,44.8,0.8,11.5,9.1,182.7,0.7,26.7,387.0,0.0,194.2,0.6,0.3,2077.1,5588.7,102.7,2.5,0.2,29.518290999999998,44.634605,14.317768,27.938823
Liguria,2019,13.8,0.5,1.6,23.1,0.5,23.7,299.2,36.4,4.3,0.2,22.0,0.6,133.4,76.1,5.8,769.2,1.4,13.8,8.9,0.0,1.4,0.0,2.2,0.0,0.1,0.5,1.0,0.1,0.1,0.0,116.8,4.1,17.2,101.1,0.0,807.0,319.1,0.3,49.8,39.2,0.5,11.4,8.1,160.1,0.5,22.4,460.0,0.0,151.1,0.5,0.3,1748.5,5409.9,99.4,1.9,0.1,28.885835,46.990391,14.384920999999999,25.67316
Liguria,2020,10.2,0.6,1.7,18.1,0.3,24.8,182.5,28.6,7.6,0.4,8.8,0.6,115.1,75.2,5.9,669.9,1.3,10.2,6.8,0.0,1.4,0.0,2.4,0.0,0.2,0.6,1.6,0.1,0.1,0.1,114.3,2.3,11.0,66.0,0.0,806.3,197.8,0.0,30.3,39.3,0.9,11.2,6.6,124.7,1.3,23.7,496.5,0.0,91.0,0.5,0.2,1209.0,4669.3,78.6,1.9,0.2,25.473684,41.525052,12.770979,23.168345000000002
Liguria,2021,15.4,0.6,1.1,19.7,0.0,29.9,206.5,25.9,4.8,0.7,14.9,1.5,131.1,74.4,6.6,734.9,1.1,13.0,11.0,0.0,1.8,0.0,3.0,0.0,0.3,0.3,1.7,0.0,0.0,0.0,118.0,3.2,15.7,77.9,0.0,876.5,202.2,0.1,39.3,42.5,1.0,12.6,7.7,144.8,1.7,24.3,551.1,0.0,96.6,0.3,0.3,1377.7,5169.8,75.5,2.6,0.1,25.173563,38.430311,13.494392,23.582796000000002
Lombardia,2018,5.8,0.3,1.4,29.2,0.3,26.9,413.6,138.2,0.9,0.3,5.8,0.7,103.7,30.5,8.1,583.3,0.8,17.6,0.9,0.0,1.8,0.0,3.5,0.0,0.3,0.4,1.2,0.0,0.0,0.0,108.4,2.0,14.6,38.9,0.0,691.2,378.0,0.2,26.8,53.4,0.9,10.2,7.4,190.7,0.0,31.0,340.3,0.0,352.2,0.5,1.1,2435.4,5225.400000000001,58.2,2.5,0.2,18.025215,23.917585,10.74344,17.868676
Lombardia,2019,6.2,0.3,1.3,22.3,0.5,29.1,336.7,122.7,1.1,0.4,4.5,0.4,104.2,35.1,7.0,603.1,0.6,13.9,1.6,0.0,1.7,0.0,3.0,0.0,0.2,0.4,1.4,0.0,0.0,0.0,110.7,2.6,11.7,31.0,0.0,738.1,345.8,0.2,23.5,48.9,1.0,9.4,6.8,165.0,0.0,28.7,384.5,0.0,314.7,0.5,1.2,2167.2,5055.7,59.7,2.3,0.2,16.740707999999998,23.738901,9.091836,15.952904
Lombardia,2020,5.0,0.3,1.0,18.4,0.3,26.9,201.0,84.4,1.8,0.2,2.6,0.5,83.5,44.4,6.8,485.7,0.4,12.9,1.4,0.0,1.3,0.0,2.3,0.0,0.2,0.4,1.2,0.1,0.0,0.1,101.6,3.6,8.9,23.3,0.0,678.2,191.4,0.3,18.1,40.7,0.8,8.8,5.7,113.0,0.0,23.7,430.1,0.0,191.3,0.3,0.7,1361.2,4017.1,55.3,2.4,0.2,15.505602999999999,20.589241,9.584073,15.272422
Lombardia,2021,5.5,0.4,1.2,25.4,0.3,29.7,253.5,92.7,1.9,0.3,3.7,1.3,101.1,58.4,7.3,579.1,0.5,16.6,1.4,0.0,1.4,0.0,2.8,0.0,0.2,0.4,1.3,0.1,0.1,0.1,108.0,2.2,10.0,26.5,0.0,724.8,282.2,0.1,20.4,52.8,0.9,10.6,6.3,138.8,0.0,32.3,535.5,0.0,180.8,0.5,0.3,1684.2,4677.0,46.2,2.0,0.1,17.605421,23.168506,10.480963,17.60982
Marche,2018,4.1,0.3,1.4,6.5,0.5,19.2,270.5,52.9,0.7,0.1,9.0,1.7,95.3,21.5,5.6,306.5,1.6,12.3,0.9,0.2,1.4,0.0,2.7,0.1,0.0,0.6,1.0,0.0,0.1,0.1,102.4,2.9,9.3,6.9,0.0,633.3,97.9,0.3,25.6,18.6,0.3,6.9,2.6,97.6,0.1,7.8,258.0,0.0,143.2,0.5,0.7,1241.9,3502.5,72.5,2.4,0.3,24.599397,29.224362999999997,17.541364,24.829738
Marche,2019,7.2,0.3,0.8,4.9,0.4,21.6,234.9,39.4,1.2,0.1,3.7,1.2,95.9,26.6,4.1,316.7,0.9,11.0,3.0,0.0,1.9,0.0,2.0,0.0,0.5,0.3,1.2,0.0,0.0,0.0,92.3,3.0,9.9,6.9,0.0,670.8,76.7,0.5,21.9,16.1,1.0,6.6,2.1,81.9,0.0,5.8,278.7,0.0,114.8,0.9,0.9,1060.1,3369.8,63.3,2.7,0.1,26.094364,30.384588,19.362522,26.630731
Marche,2020,4.6,0.2,0.7,3.7,0.1,15.3,156.4,28.9,1.1,0.2,3.9,0.9,78.2,24.2,4.3,269.1,0.3,11.5,1.8,0.0,1.9,0.0,1.8,0.0,0.3,0.6,1.1,0.0,0.0,0.2,93.6,3.6,10.9,5.2,0.0,652.1,43.3,0.0,19.0,13.5,0.3,6.2,1.9,59.6,0.1,6.8,329.9,0.0,64.2,0.3,0.1,703.3,2926.6,54.0,2.4,0.4,22.617074,25.378982,19.669846,22.359331
Marche,2021,9.1,0.3,1.1,3.9,0.1,17.9,146.3,23.4,1.0,0.3,3.7,0.3,83.1,26.7,4.3,308.0,0.2,11.6,4.6,0.0,1.6,0.0,1.7,0.0,0.1,0.3,1.2,0.0,0.1,0.3,91.6,1.7,6.9,7.0,0.0,716.2,49.1,0.0,15.1,14.5,0.9,7.2,2.0,59.0,0.0,8.1,409.2,0.0,45.9,0.5,0.1,674.4,3091.7,48.1,2.6,0.1,21.424176000000003,27.109775,12.20936,22.601455
Molise,2018,13.0,0.3,1.3,4.6,0.7,16.0,177.8,106.5,1.0,0.3,12.0,0.7,82.4,38.1,5.9,282.7,0.3,12.0,2.9,0.0,0.7,0.0,2.9,0.0,1.3,0.0,1.0,0.0,0.0,0.0,125.7,2.6,10.4,7.5,0.0,601.8,56.3,0.3,20.2,14.3,1.0,6.5,1.6,62.5,0.0,4.9,311.7,0.0,76.2,0.7,1.0,1008.9,3287.3,59.3,1.6,0.3,38.437625,42.772232,26.847358,41.075374
Molise,2019,24.0,0.0,1.6,7.2,0.3,20.4,157.6,129.0,1.3,0.0,17.4,0.3,93.8,27.6,3.9,261.2,0.0,20.4,8.6,0.0,1.6,0.0,3.0,0.0,1.3,0.0,0.3,0.0,0.0,0.0,122.1,0.7,7.9,5.6,0.0,677.8,51.7,0.3,21.7,11.8,1.0,7.6,2.0,60.2,0.0,3.0,303.7,0.0,67.8,0.7,3.6,881.8,3366.1,57.6,2.0,1.3,36.643678,41.510579,19.946041,41.286175
Molise,2020,39.5,0.3,1.7,6.7,0.0,20.8,90.1,102.5,1.7,0.7,12.7,0.0,77.0,35.5,5.0,250.9,2.0,14.4,23.8,0.0,1.7,0.0,1.7,0.0,0.0,0.0,0.7,0.0,0.0,0.0,119.9,2.3,4.0,3.3,0.0,729.9,14.7,0.0,19.4,7.4,0.7,7.4,0.3,32.8,0.0,4.0,355.4,0.0,31.2,0.3,1.3,543.0,3119.9,67.0,4.0,0.7,30.276108,36.7684,25.502912000000002,28.199208
Molise,2021,39.7,1.0,0.7,1.4,0.0,20.9,157.6,127.5,0.0,0.0,10.6,1.0,87.2,25.0,22.2,291.3,2.1,13.7,24.6,0.0,2.4,0.0,2.1,0.0,0.3,0.3,0.7,0.0,0.0,0.0,134.3,2.7,10.6,4.4,0.0,771.9,23.9,0.0,15.0,9.6,1.4,7.2,2.7,47.2,0.0,2.4,432.1,0.0,43.1,0.3,1.0,731.5,3461.5,60.2,3.8,0.0,32.973887,45.266877,20.258472,31.455146
Nord-est,2011,8.7,0.4,1.3,13.7,1.7,26.6,355.9,63.8,0.5,0.3,9.4,1.0,108.6,10.0,8.2,579.4,2.6,5.5,1.7,0.0,2.9,0.0,3.4,0.0,0.5,0.6,1.8,0.0,0.0,0.0,116.3,1.4,35.9,23.2,108.5,621.7,243.7,0.4,32.5,34.2,0.8,7.6,6.3,181.7,0.3,15.4,146.1,0.0,354.0,1.2,1.4,2475.1,5127.9,48.6,3.6,0.3,15.045447,0.0,0.0,0.0
Nord-est,2012,10.0,0.4,1.3,15.5,1.7,27.4,438.8,62.9,0.7,0.3,10.0,0.8,109.3,11.4,8.2,536.4,2.3,7.4,2.7,0.0,2.8,0.0,4.2,0.0,0.5,0.6,1.6,0.0,0.0,0.0,122.0,2.2,35.8,24.1,111.6,648.0,284.4,0.4,35.1,37.5,1.0,8.3,6.3,197.3,0.4,17.0,173.3,0.0,356.6,1.2,1.5,2672.5,5394.3,48.2,3.4,0.4,19.955673,0.0,0.0,0.0
Nord-est,2013,6.1,0.5,1.1,16.8,1.8,25.9,474.0,57.6,0.7,0.4,8.7,1.3,104.2,13.6,6.8,508.3,2.3,7.7,0.6,0.0,2.6,0.0,4.2,0.0,0.4,0.4,1.6,0.0,0.1,0.0,120.9,2.3,26.3,21.3,109.0,750.6,316.9,0.3,40.7,41.4,0.9,8.1,6.8,209.3,0.3,19.4,231.5,0.0,351.2,1.0,1.7,2706.8,5577.4,47.4,3.2,0.8,23.520097,0.0,0.0,0.0
Nord-est,2014,5.3,0.4,1.0,16.2,1.1,25.6,510.0,57.5,1.2,0.4,9.5,1.0,102.6,14.8,5.9,413.9,1.9,10.8,0.4,0.0,2.4,0.0,4.4,0.0,0.3,0.3,1.5,0.0,0.0,0.0,119.0,1.6,21.2,18.9,105.1,696.1,333.6,0.3,36.5,39.0,1.1,7.8,6.8,218.8,0.3,18.7,212.8,0.0,362.7,1.6,1.2,2748.1,5410.2,46.1,2.9,0.8,23.346361,0.0,0.0,0.0
Nord-est,2015,6.1,0.3,1.3,17.6,1.3,27.0,447.4,51.4,1.1,0.4,10.7,1.5,99.5,14.8,6.4,417.7,1.8,13.4,0.9,0.0,2.5,0.0,4.1,0.0,0.3,0.4,1.3,0.0,0.0,0.0,112.3,2.2,17.2,15.5,96.2,681.6,335.1,0.2,34.1,36.7,1.1,6.8,6.1,214.0,0.5,17.6,239.4,0.0,333.2,0.8,1.4,2519.7,5176.0,45.1,3.0,0.6,21.9822,0.0,0.0,0.0
Nord-est,2016,5.6,0.5,1.0,17.5,0.7,22.7,420.1,46.3,0.8,0.3,7.8,1.1,99.4,15.0,5.7,362.5,1.6,13.4,0.9,0.0,2.5,0.0,3.4,0.0,0.4,0.5,1.4,0.0,0.0,0.0,100.6,2.0,14.3,13.6,17.5,684.6,313.5,0.3,31.4,33.5,0.7,7.3,5.8,195.8,0.0,16.8,243.9,0.0,306.4,0.7,1.1,2310.5,4746.5,51.2,3.0,1.2,20.317767,0.0,0.0,0.0
Nord-est,2017,6.3,0.3,1.0,18.2,0.5,23.6,380.5,39.4,1.0,0.4,5.8,0.6,103.2,15.2,6.7,361.6,1.4,11.4,1.8,0.0,2.9,0.0,3.5,0.0,0.3,0.4,1.4,0.0,0.0,0.0,101.8,2.6,13.1,13.5,1.9,737.8,314.9,0.2,29.2,33.1,1.1,8.3,6.1,179.6,0.0,16.2,258.5,0.0,268.4,0.7,0.6,2127.7,4639.3,58.0,3.5,0.5,18.78164,0.0,0.0,0.0
Nord-est,2018,3.7,0.5,1.1,15.2,0.4,23.3,374.8,37.4,1.2,0.3,5.4,0.6,104.4,18.6,5.4,378.8,1.0,12.3,0.2,0.0,2.5,0.0,3.2,0.0,0.1,0.4,1.3,0.0,0.0,0.0,99.9,3.0,10.0,10.1,0.0,723.4,288.9,0.2,25.3,32.3,0.8,8.8,5.6,164.9,0.0,16.6,292.5,0.0,262.3,0.6,0.8,1986.7,4531.0,58.9,3.2,0.2,17.940286,24.931896000000002,10.86957,16.999096
Nord-est,2019,4.7,0.2,1.3,12.8,0.4,24.4,337.5,34.7,1.4,0.4,4.5,0.4,107.0,24.7,5.3,377.5,1.1,11.5,0.9,0.0,2.8,0.0,2.6,0.0,0.2,0.4,1.2,0.0,0.1,0.0,101.7,2.7,9.2,10.0,0.0,772.4,260.9,0.2,21.6,28.8,0.8,9.5,5.6,147.2,0.0,14.6,339.3,0.0,245.2,0.5,0.7,1810.1,4449.9,56.8,3.7,0.2,16.37109,23.39875,11.231929000000001,14.711582
Nord-est,2020,4.6,0.3,0.9,11.2,0.2,22.6,235.1,25.9,2.1,0.4,3.6,0.8,89.9,27.7,5.0,322.2,0.8,11.9,1.0,0.0,1.7,0.0,2.6,0.0,0.1,0.3,1.2,0.0,0.0,0.0,96.0,2.6,7.3,8.0,0.0,710.7,133.2,0.1,18.3,27.0,0.6,8.9,4.7,100.1,0.1,14.4,416.0,0.0,140.7,0.4,0.4,1216.4,3738.3,53.3,2.7,0.2,17.218041,22.171689999999998,11.566834,17.068053
Nord-est,2021,4.8,0.3,1.1,12.6,0.1,27.3,279.7,25.7,2.4,0.4,3.6,0.8,100.1,32.2,5.1,360.6,0.7,14.6,1.5,0.0,2.2,0.0,2.8,0.0,0.9,0.5,1.0,0.0,0.0,0.0,99.6,2.3,7.6,10.1,0.0,763.7,143.9,0.1,19.8,32.5,0.8,11.0,5.3,109.5,0.0,19.5,495.0,0.0,122.3,0.4,0.4,1315.3,4083.6,48.7,2.9,0.2,15.847792,21.871699,9.659752000000001,15.353384
Nord-ovest,2011,13.0,0.8,1.8,28.3,2.5,29.3,456.4,190.0,0.7,0.2,10.7,1.2,115.3,13.2,10.3,979.3,2.5,8.4,4.3,0.0,2.2,0.0,4.2,0.0,1.4,0.7,2.1,0.0,0.0,0.0,134.3,2.5,42.8,71.1,111.6,687.4,357.3,0.7,37.5,68.6,0.9,8.9,10.7,201.5,1.2,35.2,175.0,0.0,472.9,1.1,2.9,2943.3,6244.3,58.5,2.7,0.4,19.057182,0.0,0.0,0.0
Nord-ovest,2012,12.9,1.0,1.8,33.4,2.4,30.3,528.5,184.8,0.8,0.2,10.9,1.1,116.7,14.3,10.5,902.4,2.2,9.1,4.9,0.0,2.1,0.0,5.7,0.0,1.1,0.7,2.4,0.0,0.1,0.0,136.1,3.0,43.8,70.2,113.5,700.3,391.8,0.7,41.6,74.8,1.0,9.4,12.4,224.7,1.6,37.5,206.9,0.0,442.2,1.0,2.8,3075.3,6405.8,56.9,2.6,0.6,24.237844,0.0,0.0,0.0
Nord-ovest,2013,8.3,0.9,1.6,34.8,2.3,29.3,575.8,178.8,1.1,0.3,10.3,0.9,110.7,20.5,9.2,850.2,1.8,10.1,1.9,0.1,1.7,0.0,6.6,0.0,1.0,0.6,1.9,0.0,0.1,0.0,136.1,3.1,32.8,57.0,110.8,798.2,403.8,0.7,42.0,77.3,1.0,9.1,12.5,234.9,1.6,38.3,249.1,0.0,449.2,0.8,2.6,3114.3,6530.799999999999,54.9,2.2,0.5,26.999053,0.0,0.0,0.0
Nord-ovest,2014,7.5,0.6,1.8,34.9,1.4,29.0,587.5,164.2,0.9,0.3,9.6,0.9,108.1,23.9,8.3,707.7,1.6,12.2,1.5,0.1,2.0,0.0,5.5,0.0,0.5,0.6,1.9,0.0,0.0,0.0,133.5,2.3,25.0,57.8,106.1,734.1,422.7,0.6,39.8,71.1,0.8,7.6,11.5,235.5,1.4,37.5,235.7,0.0,443.8,0.7,2.1,3074.0,6239.5,53.3,2.5,0.5,28.084519999999998,0.0,0.0,0.0
Nord-ovest,2015,9.7,0.6,1.5,32.9,1.1,28.2,524.8,149.6,1.2,0.2,9.7,1.1,106.0,22.4,8.7,731.0,1.7,14.3,3.4,0.0,2.0,0.0,5.4,0.0,0.7,0.6,1.6,0.0,0.0,0.0,129.6,3.0,20.9,49.5,97.3,699.0,397.9,0.5,36.0,62.1,0.7,7.7,9.1,213.1,1.4,34.1,254.3,0.0,420.7,0.7,1.6,2813.9,5926.7,53.0,2.6,0.4,26.103144,0.0,0.0,0.0
Nord-ovest,2016,8.7,0.4,1.4,30.0,1.0,26.1,470.1,146.9,0.9,0.3,9.7,0.6,106.3,25.1,8.1,639.6,1.7,14.4,3.0,0.0,1.6,0.0,4.8,0.0,0.5,0.4,1.5,0.0,0.0,0.0,117.8,2.6,18.3,43.6,22.8,718.8,391.3,0.5,34.1,56.9,0.8,8.0,8.7,204.8,0.4,31.0,274.9,0.0,391.6,0.7,1.4,2619.2,5513.3,57.6,2.1,0.5,24.461027,0.0,0.0,0.0
Nord-ovest,2017,10.1,0.4,1.6,29.8,0.7,26.6,418.1,130.8,1.0,0.3,7.8,0.8,106.8,27.6,9.7,647.3,1.2,13.2,4.3,0.0,1.7,0.0,3.9,0.0,0.4,0.5,1.6,0.0,0.0,0.0,115.3,2.4,16.8,42.9,2.2,724.1,370.1,0.3,31.6,56.3,0.7,9.0,9.0,191.7,0.1,32.3,305.9,0.0,346.4,0.6,1.1,2411.2,5345.6,62.8,2.3,0.4,22.277715999999998,0.0,0.0,0.0
Nord-ovest,2018,6.2,0.4,1.5,29.8,0.4,26.1,403.0,124.2,1.0,0.3,7.2,0.6,106.8,32.3,7.9,652.3,1.0,16.8,1.4,0.0,1.9,0.0,3.5,0.0,0.3,0.4,1.3,0.0,0.0,0.0,112.3,2.0,12.8,37.5,0.0,692.6,362.6,0.3,28.4,51.7,0.9,9.9,7.8,180.4,0.1,30.4,349.9,0.0,319.8,0.5,1.1,2257.5,5187.900000000001,63.9,2.7,0.2,20.829394,28.587761,11.550277,20.251682000000002
Nord-ovest,2019,7.2,0.3,1.4,24.2,0.4,27.1,334.6,110.7,1.4,0.3,5.9,0.5,108.5,38.1,7.1,661.5,0.8,13.9,2.8,0.0,1.7,0.0,3.1,0.0,0.2,0.5,1.3,0.1,0.0,0.0,114.1,2.7,10.4,31.3,0.0,738.3,325.0,0.2,27.1,45.0,0.8,9.3,6.7,158.4,0.1,26.3,408.6,0.0,281.0,0.4,1.0,2001.7,5055.599999999999,66.8,2.3,0.2,19.495217,28.322712,10.52931,18.039222000000002
Nord-ovest,2020,5.8,0.4,1.2,19.4,0.2,25.9,202.9,78.5,2.2,0.2,3.5,0.6,88.5,44.6,6.8,545.5,0.5,13.2,2.4,0.0,1.3,0.0,2.5,0.0,0.1,0.5,1.3,0.1,0.0,0.1,107.0,2.9,7.7,22.7,0.0,686.9,187.5,0.2,19.4,38.0,0.7,8.5,5.7,112.2,0.2,22.2,464.6,0.0,168.8,0.3,0.6,1287.5,4123.8,60.1,2.4,0.3,18.389999,25.321581000000002,10.738709,17.733739
Nord-ovest,2021,6.7,0.4,1.3,24.1,0.2,28.7,247.2,84.2,2.1,0.3,4.7,1.3,103.7,54.9,7.6,646.2,0.6,17.0,2.7,0.0,1.4,0.0,3.0,0.0,0.2,0.4,1.3,0.1,0.0,0.0,112.1,2.3,9.2,25.9,0.0,728.0,260.0,0.1,21.8,47.6,0.9,10.4,6.8,134.5,0.2,28.6,565.6,0.0,168.4,0.4,0.3,1575.7,4737.1,50.0,2.2,0.2,19.499785,26.791702,11.008735,19.005199
Provincia Autonoma Bolzano / Bozen,2018,2.6,0.6,1.3,11.9,0.9,23.8,196.6,16.6,1.7,0.2,1.3,0.2,103.5,9.4,5.1,193.2,0.8,17.8,0.2,0.0,1.5,0.0,0.9,0.0,0.2,0.8,1.1,0.0,0.0,0.2,87.1,1.3,8.5,7.4,0.0,647.1,218.9,0.0,26.4,32.5,0.9,12.1,4.9,157.9,0.0,19.6,167.3,0.0,143.9,0.6,0.2,1463.7,3689.1,75.9,2.1,0.2,8.538747,10.367056999999999,7.199158000000001,7.82839
Provincia Autonoma Bolzano / Bozen,2019,3.8,0.2,0.8,7.9,0.0,26.3,235.5,15.6,0.9,0.6,0.6,0.4,114.7,10.5,4.1,168.5,0.4,13.0,0.6,0.0,2.6,0.0,2.4,0.0,0.0,0.2,0.9,0.0,0.0,0.0,82.4,1.5,9.0,9.0,0.0,682.4,167.6,0.0,23.7,26.1,0.6,9.0,7.1,136.2,0.2,13.2,181.9,0.0,140.1,0.2,0.2,1406.6,3665.8999999999996,78.4,3.8,0.0,8.546129,11.930375,6.407458999999999,7.034231999999999
Provincia Autonoma Bolzano / Bozen,2020,6.9,0.0,0.8,5.4,0.0,24.4,118.5,10.3,1.5,0.4,1.1,0.2,87.2,12.9,3.4,158.3,2.1,16.3,0.9,0.0,1.9,0.0,0.9,0.0,0.0,0.6,1.1,0.0,0.0,0.0,87.2,2.8,3.9,7.1,0.0,742.0,108.0,0.0,25.9,33.0,1.3,6.9,6.4,124.5,0.0,21.8,183.6,0.0,94.9,0.4,0.0,975.7,3243.6000000000004,66.6,3.8,0.0,11.010047,15.474122000000001,5.3456019999999995,10.190946
Provincia Autonoma Bolzano / Bozen,2021,3.5,0.6,0.6,9.3,0.0,40.9,120.9,8.6,1.3,0.2,0.4,0.9,106.7,14.8,5.4,196.9,1.3,22.6,0.0,0.0,1.7,0.0,1.1,0.0,0.4,0.6,1.3,0.0,0.0,0.0,100.9,0.7,6.7,9.0,0.0,802.7,126.8,0.0,25.2,35.9,0.2,9.3,9.5,138.0,0.0,20.9,227.1,0.0,68.9,0.0,0.4,1064.2,3571.7999999999997,56.8,2.4,0.0,11.4635,15.169839999999999,8.160114,10.431643
Provincia Autonoma Trento,2018,3.7,0.9,1.7,5.7,0.0,21.6,272.7,14.6,1.1,0.4,7.6,0.4,76.6,16.3,6.3,254.2,1.3,8.1,0.2,0.0,2.0,0.0,0.9,0.0,0.0,0.4,0.7,0.0,0.0,0.0,74.6,15.2,6.1,3.0,0.0,671.8,145.8,0.0,13.1,16.1,1.3,7.4,1.9,92.9,0.0,11.8,274.6,0.0,195.9,0.7,0.0,1406.3,3573.4,70.9,3.1,0.2,14.219209,20.194824,7.200875,14.469854999999999
Provincia Autonoma Trento,2019,6.1,0.4,1.8,8.7,0.0,17.0,255.2,14.6,0.9,0.4,1.5,0.4,85.1,15.3,6.6,261.5,0.6,12.0,2.0,0.0,1.3,0.0,1.7,0.0,0.4,0.6,0.7,0.0,0.0,0.0,73.6,5.2,4.2,5.4,0.0,661.5,92.4,0.4,16.4,15.9,0.7,10.7,2.8,91.3,0.0,7.8,293.6,0.0,171.6,1.5,0.2,1191.1,3337.4,59.4,1.7,0.0,15.009796000000001,23.200824,6.89023,14.67788
Provincia Autonoma Trento,2020,4.2,0.2,0.9,2.8,0.2,16.3,111.4,9.7,2.9,0.4,0.0,0.6,71.2,13.8,4.0,220.3,0.7,9.7,0.7,0.0,1.7,0.0,1.7,0.0,0.0,0.2,0.6,0.0,0.0,0.0,71.9,4.4,3.5,4.6,0.0,651.8,54.7,0.0,10.6,17.6,0.4,7.7,5.3,69.3,0.0,7.2,252.4,0.0,75.2,0.4,0.2,674.0,2674.0,58.9,2.0,0.0,16.310102,22.812268,9.991632,16.191617
Provincia Autonoma Trento,2021,6.1,0.7,0.9,3.5,0.0,20.8,104.2,5.9,4.8,0.7,1.7,1.3,78.4,19.7,4.1,262.3,0.9,11.1,2.6,0.0,1.3,0.0,2.0,0.0,0.0,0.2,1.1,0.0,0.2,0.0,76.9,4.2,2.4,2.6,0.0,710.9,51.1,0.0,13.5,15.9,1.1,9.6,4.6,73.8,0.0,7.0,309.3,0.0,39.3,0.4,0.0,661.4,2903.0,59.4,2.2,0.2,14.354492,20.948734,6.603727,14.858281
Puglia,2018,17.7,0.4,2.7,24.1,1.0,19.0,251.7,452.3,0.6,0.2,17.6,0.5,106.6,12.4,30.2,300.3,1.3,20.0,4.0,0.0,1.3,0.2,3.3,0.0,2.8,0.8,2.1,0.4,0.1,0.0,137.1,4.2,16.3,29.1,0.0,669.1,79.5,0.7,34.6,42.6,0.6,4.8,9.9,87.3,0.1,16.4,227.6,0.0,177.2,0.4,2.2,1828.2,4319.2,62.5,2.3,0.6,48.169838999999996,58.192422,29.419597,46.836412
Puglia,2019,21.6,0.4,2.5,15.3,0.5,18.4,205.8,418.6,0.5,0.4,13.0,1.0,102.6,14.0,31.6,305.1,0.7,18.7,8.0,0.0,1.5,0.2,3.2,0.0,1.2,0.7,1.8,0.5,0.0,0.0,132.8,3.8,15.3,23.2,0.0,694.9,61.0,0.6,29.1,31.7,0.6,5.2,6.8,80.2,0.1,12.1,261.4,0.0,146.4,0.5,2.2,1595.0,4080.4,57.3,2.8,0.3,44.626023,53.585757,24.912470999999996,45.353068
Puglia,2020,22.2,0.5,2.0,12.5,0.2,17.7,163.9,340.9,1.3,0.2,6.8,0.9,84.7,19.6,29.9,286.2,0.8,18.5,9.8,0.0,1.0,0.0,2.4,0.0,0.5,0.6,1.9,0.7,0.0,0.1,125.3,4.1,11.9,18.5,0.0,715.6,34.9,0.2,23.4,26.1,0.7,5.9,5.1,58.8,0.0,11.5,336.3,0.0,106.7,0.3,2.1,1244.7,3780.6000000000004,61.0,3.2,0.4,42.714763,55.276505,23.675422,39.651705
Puglia,2021,26.1,0.4,2.5,12.9,0.0,18.4,153.3,371.4,1.5,0.2,9.2,0.8,87.4,22.3,40.4,324.7,0.7,18.8,11.2,0.1,1.6,0.1,3.1,0.0,0.2,0.6,1.9,0.3,0.1,0.0,120.0,3.5,12.1,17.5,0.0,723.5,38.4,0.2,22.2,26.9,0.6,6.7,5.2,53.8,0.0,12.0,424.4,0.0,84.1,0.3,0.9,1245.3,3955.6,56.1,3.6,0.8,43.74489,53.98508699999999,24.042664,43.600008
Sardegna,2018,6.4,0.4,1.9,7.7,0.1,24.6,156.8,57.3,0.9,0.4,6.4,0.6,90.5,9.3,34.9,391.8,0.3,11.6,0.0,0.0,1.6,0.0,2.7,0.0,0.9,0.7,0.8,0.1,0.1,0.0,156.9,1.4,12.3,20.6,0.0,616.0,36.5,0.2,26.5,17.2,1.1,5.7,2.7,74.5,0.0,7.8,296.3,0.0,111.9,0.7,0.4,951.4,3402.5,62.1,2.2,0.1,46.729788,57.494792000000004,30.883421,42.536027
Sardegna,2019,6.8,0.3,1.8,6.9,0.1,24.9,132.8,48.8,1.0,0.4,4.4,0.2,85.1,11.9,31.5,397.1,0.2,10.0,0.2,0.1,1.4,0.0,2.4,0.0,0.4,0.7,1.0,0.0,0.0,0.2,145.2,1.9,8.7,15.4,0.0,681.0,34.7,0.2,19.9,17.8,1.2,6.9,3.6,71.3,0.0,7.9,352.0,0.0,108.8,0.6,0.4,883.7,3414.6,64.8,2.0,0.1,45.130409,49.395976,31.273483999999996,48.165704
Sardegna,2020,4.6,0.4,2.2,3.5,0.1,24.2,89.8,36.3,1.4,0.4,3.9,0.1,77.3,18.9,31.4,351.5,0.1,12.8,0.3,0.0,1.6,0.0,1.6,0.0,0.2,0.6,0.5,0.0,0.1,0.1,139.6,3.1,5.9,14.7,0.0,677.5,20.1,0.3,14.8,12.4,1.2,6.2,2.8,55.1,0.0,5.2,429.7,0.0,61.6,0.4,0.1,622.3,3172.6000000000004,68.5,2.4,0.0,39.937547,52.00582800000001,18.991948,39.802793
Sardegna,2021,5.0,0.6,2.3,5.7,0.1,28.4,86.1,37.7,3.0,0.3,3.4,0.9,86.2,17.3,29.2,396.6,0.3,14.0,0.8,0.0,2.3,0.0,2.1,0.0,0.1,0.9,1.0,0.0,0.1,0.1,148.1,1.9,7.7,16.0,0.0,714.2,26.8,0.1,15.4,14.5,0.8,7.5,3.0,53.1,0.1,6.4,474.4,0.0,72.9,0.3,0.1,678.9,3395.4,59.4,3.7,0.1,40.866116,49.031757,20.011346,43.529976000000005
Sicilia,2018,8.8,0.4,2.2,23.1,0.6,22.8,218.7,251.1,1.3,0.2,9.4,1.4,110.8,16.9,29.9,265.3,1.2,20.6,0.7,0.0,1.3,0.0,3.6,0.0,2.9,0.7,1.8,0.3,0.1,0.0,155.3,2.5,39.4,87.1,0.0,734.8,81.8,1.2,31.9,40.9,1.2,7.4,7.4,83.7,0.1,18.4,282.3,0.0,138.2,0.4,1.5,1574.2,4283.9,65.9,3.4,0.2,64.081581,81.491823,37.485417,59.341561999999996
Sicilia,2019,8.8,0.4,2.0,19.2,0.6,23.2,174.2,254.4,1.6,0.2,7.7,1.0,109.1,21.9,28.2,276.9,0.7,18.4,1.0,0.0,1.4,0.0,3.4,0.0,1.6,0.6,2.1,0.4,0.1,0.0,156.3,2.6,32.9,74.6,0.0,801.2,69.1,0.6,26.5,38.5,0.9,6.9,7.2,75.7,0.1,17.1,329.5,0.0,137.1,0.7,0.9,1451.2,4277.0,63.1,3.1,0.6,60.09506,79.266032,32.396372,54.992434
Sicilia,2020,9.0,0.6,2.3,15.3,0.3,22.9,140.6,176.0,1.7,0.3,5.2,1.0,98.9,29.8,25.8,255.7,0.6,17.1,1.8,0.1,0.8,0.1,2.6,0.0,0.9,0.7,1.6,0.3,0.0,0.1,151.3,2.1,26.9,58.2,0.0,833.8,40.2,0.2,23.1,30.1,0.9,6.4,5.7,54.0,0.0,14.1,398.7,0.0,96.0,0.7,0.6,1078.6,3994.7,64.3,2.9,0.6,55.073491000000004,72.028478,28.360226,52.166411
Sicilia,2021,11.7,0.3,1.8,16.4,0.3,24.1,111.3,204.1,2.0,0.2,5.5,1.2,98.5,30.8,30.0,281.1,0.6,19.7,2.2,0.0,1.2,0.0,1.9,0.0,0.6,0.7,1.7,0.2,0.0,0.0,143.1,1.7,28.4,54.6,0.0,844.6,40.0,0.2,21.8,25.1,1.0,7.3,3.7,54.9,0.0,13.4,455.1,0.0,97.1,0.6,0.5,1071.5,4030.2,53.6,3.4,0.3,56.263692999999996,75.94323299999999,26.874491,52.671361
Toscana,2018,9.3,0.3,1.2,22.8,0.6,23.2,496.1,46.4,2.0,0.2,10.3,0.8,119.4,30.6,6.0,533.7,1.3,15.3,4.7,0.0,1.9,0.0,4.7,0.0,0.2,0.3,1.9,0.0,0.0,0.0,114.6,7.0,31.1,41.4,0.0,835.7,386.2,0.3,40.2,41.7,0.9,10.0,7.5,204.4,0.1,22.0,289.1,0.0,319.8,0.7,0.7,2501.9,5569.400000000001,81.6,2.7,0.1,21.975774,30.518981,13.399243,20.522096
Toscana,2019,10.8,0.2,1.2,18.6,0.6,25.2,431.9,39.2,1.9,0.3,7.6,0.5,118.4,35.3,5.2,546.5,1.5,13.4,6.4,0.0,1.4,0.0,3.8,0.0,0.3,0.4,1.2,0.0,0.1,0.0,110.1,7.2,24.6,39.2,0.0,891.7,395.0,0.1,34.1,37.1,1.0,9.0,5.4,172.3,0.1,21.1,312.7,0.0,255.6,0.7,0.4,2223.5,5359.5,80.3,2.4,0.2,20.202090000000002,25.389196,10.451806000000001,21.562875
Toscana,2020,9.7,0.3,1.1,12.4,0.2,23.6,251.0,27.1,2.6,0.4,4.3,0.5,100.1,41.4,5.1,473.1,0.7,13.4,5.2,0.0,1.3,0.0,3.3,0.0,0.2,0.4,1.0,0.0,0.1,0.0,105.6,3.6,16.6,26.2,0.0,838.6,177.2,0.2,24.4,31.8,0.9,8.1,4.5,117.7,0.0,18.6,377.7,0.0,159.0,0.5,0.5,1345.3,4269.7,62.0,2.1,0.2,20.491512,26.203142999999997,12.816205,20.377584
Toscana,2021,13.2,0.3,1.2,16.1,0.1,22.1,299.4,32.6,2.7,0.3,4.8,0.6,109.4,45.0,6.5,507.6,0.6,16.4,8.5,0.0,1.5,0.0,2.8,0.0,0.0,0.3,1.1,0.0,0.0,0.1,102.8,1.6,19.0,28.1,0.0,830.7,153.7,0.1,24.4,32.5,0.7,9.5,3.7,118.0,0.1,20.4,522.3,0.0,164.1,0.9,0.4,1496.8,4626.7,55.8,2.4,0.2,22.819998,30.288021999999998,14.331752000000002,22.062414
Trentino Alto Adige / Südtirol,2018,3.2,0.7,1.5,8.8,0.5,22.7,235.1,15.6,1.4,0.3,4.5,0.4,89.9,12.9,5.7,224.1,1.0,12.9,0.2,0.0,1.8,0.0,0.9,0.0,0.1,0.6,0.9,0.0,0.0,0.1,80.8,8.3,7.3,5.1,0.0,659.8,182.0,0.0,19.8,24.2,1.1,9.7,3.4,125.1,0.0,15.7,221.9,0.0,170.2,0.7,0.1,1435.0,3632.1000000000004,73.5,2.6,0.2,11.32166,14.49441,7.197167,11.195957
Trentino Alto Adige / Südtirol,2019,4.9,0.3,1.3,8.3,0.0,21.6,245.4,15.1,1.0,0.5,1.0,0.4,99.9,12.9,5.4,215.5,0.5,12.5,1.3,0.0,2.0,0.0,2.0,0.0,0.2,0.4,0.8,0.0,0.0,0.0,78.1,3.4,6.6,7.2,0.0,672.4,129.7,0.2,20.0,21.0,0.7,9.9,4.9,113.5,0.1,10.4,238.5,0.0,156.1,0.8,0.2,1298.0,3502.0,68.8,2.7,0.0,11.707063,16.63636,6.677878999999999,10.869805
Trentino Alto Adige / Südtirol,2020,5.6,0.1,0.8,4.1,0.1,20.3,114.9,10.0,2.3,0.4,0.6,0.4,79.1,13.4,3.7,189.7,1.4,13.0,0.8,0.0,1.8,0.0,1.3,0.0,0.0,0.4,0.8,0.0,0.0,0.0,79.5,3.6,3.7,5.8,0.0,697.0,81.1,0.0,18.2,25.2,0.8,7.3,5.8,96.6,0.1,14.4,218.4,0.0,85.0,0.4,0.1,823.3,2958.3,63.2,2.9,0.0,13.59321,18.556389,7.9520420000000005,13.156746
Trentino Alto Adige / Südtirol,2021,4.8,0.6,0.7,6.4,0.0,30.8,112.5,7.2,3.1,0.5,1.0,1.1,92.4,17.3,4.7,229.8,1.1,16.8,1.3,0.0,1.5,0.0,1.6,0.0,0.2,0.4,1.2,0.0,0.1,0.0,88.8,2.5,4.5,5.8,0.0,757.0,88.7,0.0,19.3,26.0,0.6,9.5,7.1,105.7,0.0,13.9,269.0,0.0,54.1,0.2,0.2,861.8,3237.1000000000004,58.1,2.3,0.1,12.885611,17.645501,7.292785,12.638888
Umbria,2018,7.6,0.1,0.8,16.2,0.7,24.6,432.6,44.6,1.4,0.3,1.7,2.4,108.2,22.4,3.6,437.7,1.5,13.5,3.4,0.0,1.7,0.0,2.4,0.0,0.2,0.6,1.8,0.0,0.1,0.0,120.0,1.2,19.5,6.8,0.0,676.3,181.9,0.1,28.2,25.0,0.9,6.5,3.1,128.6,0.0,13.4,350.6,0.0,267.1,1.0,2.3,1686.7,4334.5,54.5,2.4,0.3,27.859811999999998,38.529196999999996,15.971594,27.494447
Umbria,2019,13.1,0.8,2.0,15.0,0.3,24.4,391.1,35.4,0.9,0.1,3.0,1.0,99.9,24.2,4.1,456.3,0.8,11.5,5.9,0.0,2.3,0.0,3.5,0.0,0.3,0.6,1.5,0.0,0.0,0.0,120.8,0.9,11.1,6.1,0.0,696.4,159.0,0.0,24.5,25.0,0.1,5.8,3.2,106.8,0.0,13.3,371.2,0.0,269.4,2.0,0.2,1517.4,4173.0,46.9,3.1,0.1,25.624906,40.372213,18.46417,22.134811
Umbria,2020,9.9,0.1,0.6,9.0,0.5,20.4,231.0,26.9,1.7,0.1,1.8,0.9,88.9,29.5,3.3,380.4,0.9,14.3,5.4,0.0,2.4,0.0,1.6,0.0,0.3,0.1,1.4,0.0,0.1,0.0,114.8,1.8,8.1,4.1,0.0,702.5,71.8,0.0,18.0,19.8,0.5,7.7,3.3,71.7,0.0,10.0,478.1,0.0,142.1,0.6,0.3,976.3,3663.5,53.9,3.1,0.5,25.061362000000003,37.819617,18.081046,22.392301
Umbria,2021,18.1,0.1,1.5,12.9,0.3,31.7,266.7,32.1,2.4,0.0,1.0,1.4,95.4,34.1,5.1,421.7,1.5,17.5,9.7,0.0,1.5,0.0,3.5,0.0,0.2,0.5,1.2,0.0,0.0,0.3,122.7,0.8,10.8,4.6,0.0,762.4,62.7,0.2,14.5,19.4,1.5,7.7,1.9,78.4,0.0,8.7,558.7,0.0,110.4,0.5,0.8,963.5,3906.7,55.0,3.1,0.1,20.038733999999998,21.500642,17.567222,20.518934
Valle d'Aosta / Vallée d'Aoste,2018,9.6,0.0,3.2,4.8,0.0,39.8,489.2,33.4,1.6,0.0,9.6,0.0,203.2,109.6,6.4,759.2,0.0,19.0,1.6,0.0,6.4,0.0,6.4,0.0,0.0,0.0,3.2,0.0,0.0,0.0,216.0,1.6,6.4,8.0,0.0,1639.0,122.2,0.0,8.0,19.0,3.2,15.8,1.6,211.2,0.0,9.6,721.0,0.0,106.4,1.6,0.0,2012.2,7416.400000000001,42.8,8.0,0.0,21.319813,31.116794,10.807667,18.468389000000002
Valle d'Aosta / Vallée d'Aoste,2019,8.0,0.0,0.0,4.8,0.0,36.6,293.0,16.0,0.0,3.2,0.0,6.4,170.4,90.8,6.4,715.0,1.6,23.8,1.6,0.0,4.8,0.0,1.6,0.0,0.0,0.0,0.0,0.0,0.0,0.0,202.2,3.2,9.6,4.8,0.0,1780.4,90.8,0.0,20.8,17.6,1.6,20.8,4.8,130.6,0.0,8.0,839.2,0.0,87.6,0.0,0.0,1417.4,6950.0,57.4,8.0,0.0,19.423622,27.776629,8.431282,18.089529
Valle d'Aosta / Vallée d'Aoste,2020,4.8,0.0,4.8,6.4,0.0,48.2,196.0,25.8,6.4,0.0,4.8,0.0,223.4,128.6,14.4,689.4,3.2,16.0,0.0,0.0,0.0,0.0,1.6,0.0,0.0,0.0,0.0,0.0,1.6,0.0,220.2,4.8,8.0,3.2,0.0,1745.0,49.8,0.0,22.4,19.2,0.0,6.4,12.8,96.4,0.0,1.6,818.0,0.0,62.6,1.6,0.0,1081.4,6821.2,70.8,3.2,0.0,17.393791,25.902307,8.647683,14.744745
Valle d'Aosta / Vallée d'Aoste,2021,6.4,0.0,0.0,11.4,0.0,35.6,142.2,22.6,6.4,0.0,1.6,0.0,194.0,171.4,6.4,651.6,1.6,37.2,1.6,0.0,0.0,0.0,3.2,0.0,4.8,3.2,0.0,1.6,0.0,0.0,192.4,8.0,16.2,3.2,0.0,1440.4,34.0,0.0,38.8,21.0,1.6,16.2,1.6,79.2,0.0,11.4,979.6,0.0,80.8,0.0,0.0,978.0,6355.2,50.2,0.0,0.0,21.734136,31.056993,10.988575,19.410724000000002
Veneto,2018,3.8,0.6,1.0,10.2,0.2,20.0,331.8,32.4,0.9,0.2,4.7,0.6,93.4,22.2,3.9,347.9,0.8,9.6,0.1,0.0,2.3,0.0,3.0,0.0,0.1,0.2,1.2,0.0,0.0,0.0,87.1,2.4,6.7,5.4,0.0,597.5,246.3,0.0,19.5,25.6,0.6,7.3,4.6,142.1,0.0,12.5,276.9,0.0,247.2,0.5,0.5,1721.6,3941.1,48.9,2.9,0.2,19.338411,25.32798,12.469338,18.625911000000002
Veneto,2019,4.7,0.2,1.0,10.0,0.2,20.3,311.7,30.0,1.6,0.3,5.6,0.3,93.7,27.0,4.7,350.9,0.9,8.9,0.7,0.0,2.7,0.0,2.1,0.0,0.2,0.4,1.1,0.0,0.0,0.0,89.5,1.8,6.8,5.0,0.0,647.5,242.3,0.1,17.8,22.7,0.6,6.5,4.9,128.1,0.0,11.2,325.7,0.0,227.0,0.5,0.4,1628.0,3965.5,49.9,3.4,0.2,16.743254999999998,24.904442,11.273076,14.310235
Veneto,2020,4.4,0.3,0.6,7.2,0.1,17.8,232.9,23.8,2.4,0.5,4.4,1.3,78.6,30.9,4.0,301.0,0.7,9.1,0.8,0.0,1.3,0.0,2.4,0.0,0.1,0.3,1.4,0.0,0.0,0.0,83.9,1.9,4.6,3.3,0.0,547.2,109.8,0.1,15.7,21.1,0.4,7.5,4.0,85.5,0.0,10.7,450.4,0.0,128.6,0.4,0.3,1098.6,3347.2,49.8,2.2,0.2,17.607564,20.891841,13.554934,17.443106
Veneto,2021,3.5,0.2,0.8,9.4,0.1,22.7,318.1,24.6,3.0,0.3,4.3,0.7,85.1,32.1,3.4,331.5,0.4,12.2,0.5,0.0,2.2,0.0,2.8,0.0,0.1,0.4,1.0,0.0,0.1,0.0,86.1,2.1,5.9,3.9,0.0,560.8,123.2,0.0,18.5,24.7,0.8,8.4,4.0,92.4,0.0,14.1,551.5,0.0,107.9,0.4,0.3,1238.4,3683.5,44.6,2.7,0.2,15.70947,21.730044,9.343759,14.964306
