,itter107,territory,year,value
0,ITF1,Abruzzo,2011,1329220
1,ITF1,Abruzzo,2012,1331624
2,ITF1,Abruzzo,2013,1332583
3,ITF1,Abruzzo,2014,1329918
4,ITF1,Abruzzo,2015,1325836
5,ITF1,Abruzzo,2016,1319294
6,ITF1,Abruzzo,2017,1313930
7,ITF1,Abruzzo,2018,1306059
8,ITF1,Abruzzo,2019,1300645
9,ITF1,Abruzzo,2020,1293941
10,ITF1,Abruzzo,2021,1281012
11,ITF1,Abruzzo,2022,1275950
12,ITF1,Abruzzo,2023,1269860
13,ITG14,Agrigento,2011,451892
14,ITG14,Agrigento,2012,452122
15,ITG14,Agrigento,2013,449845
16,ITG14,Agrigento,2014,447397
17,ITG14,Agrigento,2015,445117
18,ITG14,Agrigento,2016,441375
19,ITG14,Agrigento,2017,437155
20,ITG14,Agrigento,2018,432335
21,ITG14,Agrigento,2019,428003
22,ITG14,Agrigento,2020,423488
23,ITG14,Agrigento,2021,416181
24,ITG14,Agrigento,2022,415887
25,ITG14,Agrigento,2023,412472
26,ITC18,Alessandria,2011,434312
27,ITC18,Alessandria,2012,434377
28,ITC18,Alessandria,2013,433670
29,ITC18,Alessandria,2014,433059
30,ITC18,Alessandria,2015,430946
31,ITC18,Alessandria,2016,427857
32,ITC18,Alessandria,2017,425677
33,ITC18,Alessandria,2018,423296
34,ITC18,Alessandria,2019,420300
35,ITC18,Alessandria,2020,417288
36,ITC18,Alessandria,2021,409392
37,ITC18,Alessandria,2022,407264
38,ITC18,Alessandria,2023,405701
39,ITE32,Ancona,2011,476219
40,ITE32,Ancona,2012,476903
41,ITE32,Ancona,2013,478001
42,ITE32,Ancona,2014,477487
43,ITE32,Ancona,2015,476111
44,ITE32,Ancona,2016,474334
45,ITE32,Ancona,2017,472098
46,ITE32,Ancona,2018,470533
47,ITE32,Ancona,2019,469166
48,ITE32,Ancona,2020,467451
49,ITE32,Ancona,2021,464419
50,ITE32,Ancona,2022,461687
51,ITE32,Ancona,2023,460276
52,ITE18,Arezzo,2011,347257
53,ITE18,Arezzo,2012,347519
54,ITE18,Arezzo,2013,347866
55,ITE18,Arezzo,2014,346567
56,ITE18,Arezzo,2015,345706
57,ITE18,Arezzo,2016,343761
58,ITE18,Arezzo,2017,342549
59,ITE18,Arezzo,2018,341375
60,ITE18,Arezzo,2019,340349
61,ITE18,Arezzo,2020,339172
62,ITE18,Arezzo,2021,336501
63,ITE18,Arezzo,2022,334926
64,ITE18,Arezzo,2023,333290
65,ITE34,Ascoli Piceno,2011,212010
66,ITE34,Ascoli Piceno,2012,211639
67,ITE34,Ascoli Piceno,2013,211917
68,ITE34,Ascoli Piceno,2014,211674
69,ITE34,Ascoli Piceno,2015,211137
70,ITE34,Ascoli Piceno,2016,210070
71,ITE34,Ascoli Piceno,2017,209440
72,ITE34,Ascoli Piceno,2018,208428
73,ITE34,Ascoli Piceno,2019,207309
74,ITE34,Ascoli Piceno,2020,206172
75,ITE34,Ascoli Piceno,2021,203425
76,ITE34,Ascoli Piceno,2022,202365
77,ITE34,Ascoli Piceno,2023,201046
78,ITC17,Asti,2011,219957
79,ITC17,Asti,2012,220159
80,ITC17,Asti,2013,220609
81,ITC17,Asti,2014,220111
82,ITC17,Asti,2015,218708
83,ITC17,Asti,2016,216756
84,ITC17,Asti,2017,215800
85,ITC17,Asti,2018,214897
86,ITC17,Asti,2019,213504
87,ITC17,Asti,2020,212010
88,ITC17,Asti,2021,209390
89,ITC17,Asti,2022,208286
90,ITC17,Asti,2023,207446
91,ITF34,Avellino,2011,436552
92,ITF34,Avellino,2012,435787
93,ITF34,Avellino,2013,432970
94,ITF34,Avellino,2014,429901
95,ITF34,Avellino,2015,426909
96,ITF34,Avellino,2016,423372
97,ITF34,Avellino,2017,420719
98,ITF34,Avellino,2018,418123
99,ITF34,Avellino,2019,414109
100,ITF34,Avellino,2020,410369
101,ITF34,Avellino,2021,402929
102,ITF34,Avellino,2022,401451
103,ITF34,Avellino,2023,397889
104,ITF42,Bari,2011,1257549
105,ITF42,Bari,2012,1259733
106,ITF42,Bari,2013,1258054
107,ITF42,Bari,2014,1256495
108,ITF42,Bari,2015,1253461
109,ITF42,Bari,2016,1249699
110,ITF42,Bari,2017,1245190
111,ITF42,Bari,2018,1240589
112,ITF42,Bari,2019,1234997
113,ITF42,Bari,2020,1230205
114,ITF42,Bari,2021,1230158
115,ITF42,Bari,2022,1226784
116,ITF42,Bari,2023,1223102
117,IT110,Barletta-Andria-Trani,2011,394520
118,IT110,Barletta-Andria-Trani,2012,395210
119,IT110,Barletta-Andria-Trani,2013,394565
120,IT110,Barletta-Andria-Trani,2014,393804
121,IT110,Barletta-Andria-Trani,2015,393704
122,IT110,Barletta-Andria-Trani,2016,392171
123,IT110,Barletta-Andria-Trani,2017,390570
124,IT110,Barletta-Andria-Trani,2018,388470
125,IT110,Barletta-Andria-Trani,2019,386530
126,IT110,Barletta-Andria-Trani,2020,384801
127,IT110,Barletta-Andria-Trani,2021,381091
128,IT110,Barletta-Andria-Trani,2022,380616
129,IT110,Barletta-Andria-Trani,2023,378768
130,ITF5,Basilicata,2011,580790
131,ITF5,Basilicata,2012,579360
132,ITF5,Basilicata,2013,577550
133,ITF5,Basilicata,2014,575814
134,ITF5,Basilicata,2015,573236
135,ITF5,Basilicata,2016,569887
136,ITF5,Basilicata,2017,566405
137,ITF5,Basilicata,2018,562968
138,ITF5,Basilicata,2019,558587
139,ITF5,Basilicata,2020,553254
140,ITF5,Basilicata,2021,545130
141,ITF5,Basilicata,2022,541168
142,ITF5,Basilicata,2023,536659
143,ITD33,Belluno,2011,210351
144,ITD33,Belluno,2012,209590
145,ITD33,Belluno,2013,208488
146,ITD33,Belluno,2014,207418
147,ITD33,Belluno,2015,205906
148,ITD33,Belluno,2016,204687
149,ITD33,Belluno,2017,203582
150,ITD33,Belluno,2018,202825
151,ITD33,Belluno,2019,202269
152,ITD33,Belluno,2020,201309
153,ITD33,Belluno,2021,199704
154,ITD33,Belluno,2022,198676
155,ITD33,Belluno,2023,197751
156,ITF32,Benevento,2011,287513
157,ITF32,Benevento,2012,286469
158,ITF32,Benevento,2013,284901
159,ITF32,Benevento,2014,283431
160,ITF32,Benevento,2015,281563
161,ITF32,Benevento,2016,279778
162,ITF32,Benevento,2017,278475
163,ITF32,Benevento,2018,277579
164,ITF32,Benevento,2019,275384
165,ITF32,Benevento,2020,272318
166,ITF32,Benevento,2021,266716
167,ITF32,Benevento,2022,265055
168,ITF32,Benevento,2023,262413
169,ITC46,Bergamo,2011,1089522
170,ITC46,Bergamo,2012,1095388
171,ITC46,Bergamo,2013,1101727
172,ITC46,Bergamo,2014,1104999
173,ITC46,Bergamo,2015,1105724
174,ITC46,Bergamo,2016,1104383
175,ITC46,Bergamo,2017,1105276
176,ITC46,Bergamo,2018,1106160
177,ITC46,Bergamo,2019,1107159
178,ITC46,Bergamo,2020,1108126
179,ITC46,Bergamo,2021,1103556
180,ITC46,Bergamo,2022,1102997
181,ITC46,Bergamo,2023,1103768
182,ITC13,Biella,2011,184448
183,ITC13,Biella,2012,183715
184,ITC13,Biella,2013,182897
185,ITC13,Biella,2014,181750
186,ITC13,Biella,2015,180633
187,ITC13,Biella,2016,179121
188,ITC13,Biella,2017,178042
189,ITC13,Biella,2018,176737
190,ITC13,Biella,2019,175341
191,ITC13,Biella,2020,174170
192,ITC13,Biella,2021,170724
193,ITC13,Biella,2022,170027
194,ITC13,Biella,2023,168823
195,ITD55,Bologna,2011,979999
196,ITD55,Bologna,2012,985902
197,ITD55,Bologna,2013,993332
198,ITD55,Bologna,2014,998967
199,ITD55,Bologna,2015,1002098
200,ITD55,Bologna,2016,1005022
201,ITD55,Bologna,2017,1009831
202,ITD55,Bologna,2018,1012550
203,ITD55,Bologna,2019,1017551
204,ITD55,Bologna,2020,1021501
205,ITD55,Bologna,2021,1015608
206,ITD55,Bologna,2022,1010812
207,ITD55,Bologna,2023,1011659
208,ITD10,Bolzano / Bozen,2011,504406
209,ITD10,Bolzano / Bozen,2012,507989
210,ITD10,Bolzano / Bozen,2013,511619
211,ITD10,Bolzano / Bozen,2014,515389
212,ITD10,Bolzano / Bozen,2015,517994
213,ITD10,Bolzano / Bozen,2016,520252
214,ITD10,Bolzano / Bozen,2017,523454
215,ITD10,Bolzano / Bozen,2018,526772
216,ITD10,Bolzano / Bozen,2019,530313
217,ITD10,Bolzano / Bozen,2020,532644
218,ITD10,Bolzano / Bozen,2021,534912
219,ITD10,Bolzano / Bozen,2022,532616
220,ITD10,Bolzano / Bozen,2023,533267
221,ITC47,Brescia,2011,1241188
222,ITC47,Brescia,2012,1247357
223,ITC47,Brescia,2013,1253581
224,ITC47,Brescia,2014,1255637
225,ITC47,Brescia,2015,1255890
226,ITC47,Brescia,2016,1253852
227,ITC47,Brescia,2017,1251873
228,ITC47,Brescia,2018,1251306
229,ITC47,Brescia,2019,1254419
230,ITC47,Brescia,2020,1255437
231,ITC47,Brescia,2021,1255709
232,ITC47,Brescia,2022,1253157
233,ITC47,Brescia,2023,1253993
234,ITF44,Brindisi,2011,404901
235,ITF44,Brindisi,2012,404888
236,ITF44,Brindisi,2013,403260
237,ITF44,Brindisi,2014,401494
238,ITF44,Brindisi,2015,399338
239,ITF44,Brindisi,2016,396312
240,ITF44,Brindisi,2017,393786
241,ITF44,Brindisi,2018,390740
242,ITF44,Brindisi,2019,387817
243,ITF44,Brindisi,2020,385235
244,ITF44,Brindisi,2021,381946
245,ITF44,Brindisi,2022,381273
246,ITF44,Brindisi,2023,378898
247,ITG27,Cagliari,2011,425431
248,ITG27,Cagliari,2012,425735
249,ITG27,Cagliari,2013,427056
250,ITG27,Cagliari,2014,426740
251,ITG27,Cagliari,2015,426678
252,ITG27,Cagliari,2016,426011
253,ITG27,Cagliari,2017,425365
254,ITG27,Cagliari,2018,425206
255,ITG27,Cagliari,2019,424105
256,ITG27,Cagliari,2020,422840
257,ITG27,Cagliari,2021,421488
258,ITG27,Cagliari,2022,421688
259,ITG27,Cagliari,2023,419553
260,ITF6,Calabria,2011,1972049
261,ITF6,Calabria,2012,1968536
262,ITF6,Calabria,2013,1962430
263,ITF6,Calabria,2014,1958226
264,ITF6,Calabria,2015,1951733
265,ITF6,Calabria,2016,1943085
266,ITF6,Calabria,2017,1935097
267,ITF6,Calabria,2018,1924257
268,ITF6,Calabria,2019,1912021
269,ITF6,Calabria,2020,1894110
270,ITF6,Calabria,2021,1860601
271,ITF6,Calabria,2022,1855454
272,ITF6,Calabria,2023,1841300
273,ITG15,Caltanissetta,2011,275396
274,ITG15,Caltanissetta,2012,274877
275,ITG15,Caltanissetta,2013,273417
276,ITG15,Caltanissetta,2014,272007
277,ITG15,Caltanissetta,2015,270972
278,ITG15,Caltanissetta,2016,268749
279,ITG15,Caltanissetta,2017,266428
280,ITG15,Caltanissetta,2018,263235
281,ITG15,Caltanissetta,2019,259586
282,ITG15,Caltanissetta,2020,255931
283,ITG15,Caltanissetta,2021,253688
284,ITG15,Caltanissetta,2022,251715
285,ITG15,Caltanissetta,2023,248699
286,ITF3,Campania,2011,5822827
287,ITF3,Campania,2012,5827593
288,ITF3,Campania,2013,5820430
289,ITF3,Campania,2014,5812768
290,ITF3,Campania,2015,5804370
291,ITF3,Campania,2016,5790783
292,ITF3,Campania,2017,5776654
293,ITF3,Campania,2018,5762889
294,ITF3,Campania,2019,5740291
295,ITF3,Campania,2020,5712143
296,ITF3,Campania,2021,5624260
297,ITF3,Campania,2022,5624420
298,ITF3,Campania,2023,5592175
299,ITF22,Campobasso,2011,227385
300,ITF22,Campobasso,2012,226703
301,ITF22,Campobasso,2013,226365
302,ITF22,Campobasso,2014,226058
303,ITF22,Campobasso,2015,224909
304,ITF22,Campobasso,2016,223957
305,ITF22,Campobasso,2017,222903
306,ITF22,Campobasso,2018,221593
307,ITF22,Campobasso,2019,219763
308,ITF22,Campobasso,2020,217362
309,ITF22,Campobasso,2021,212879
310,ITF22,Campobasso,2022,211586
311,ITF22,Campobasso,2023,210063
312,ITF31,Caserta,2011,913228
313,ITF31,Caserta,2012,917426
314,ITF31,Caserta,2013,917820
315,ITF31,Caserta,2014,917923
316,ITF31,Caserta,2015,918110
317,ITF31,Caserta,2016,917423
318,ITF31,Caserta,2017,916615
319,ITF31,Caserta,2018,915730
320,ITF31,Caserta,2019,915549
321,ITF31,Caserta,2020,913666
322,ITF31,Caserta,2021,901903
323,ITF31,Caserta,2022,905045
324,ITF31,Caserta,2023,903663
325,ITG17,Catania,2011,1092537
326,ITG17,Catania,2012,1094229
327,ITG17,Catania,2013,1095009
328,ITG17,Catania,2014,1094665
329,ITG17,Catania,2015,1093911
330,ITG17,Catania,2016,1091100
331,ITG17,Catania,2017,1086981
332,ITG17,Catania,2018,1081823
333,ITG17,Catania,2019,1077270
334,ITG17,Catania,2020,1072634
335,ITG17,Catania,2021,1074089
336,ITG17,Catania,2022,1077515
337,ITG17,Catania,2023,1071914
338,ITF63,Catanzaro,2011,362124
339,ITF63,Catanzaro,2012,361571
340,ITF63,Catanzaro,2013,361015
341,ITF63,Catanzaro,2014,360340
342,ITF63,Catanzaro,2015,359072
343,ITF63,Catanzaro,2016,357926
344,ITF63,Catanzaro,2017,356897
345,ITF63,Catanzaro,2018,355000
346,ITF63,Catanzaro,2019,352065
347,ITF63,Catanzaro,2020,349344
348,ITF63,Catanzaro,2021,344439
349,ITF63,Catanzaro,2022,343673
350,ITF63,Catanzaro,2023,341008
351,ITE,Centro (I),2011,11728375
352,ITE,Centro (I),2012,11779658
353,ITE,Centro (I),2013,11866711
354,ITE,Centro (I),2014,11909825
355,ITE,Centro (I),2015,11918100
356,ITE,Centro (I),2016,11910464
357,ITE,Centro (I),2017,11908935
358,ITE,Centro (I),2018,11889462
359,ITE,Centro (I),2019,11868484
360,ITE,Centro (I),2020,11831092
361,ITE,Centro (I),2021,11786952
362,ITE,Centro (I),2022,11724035
363,ITE,Centro (I),2023,11693240
364,ITF14,Chieti,2011,393295
365,ITF14,Chieti,2012,393916
366,ITF14,Chieti,2013,393570
367,ITF14,Chieti,2014,391851
368,ITF14,Chieti,2015,390196
369,ITF14,Chieti,2016,387947
370,ITF14,Chieti,2017,385473
371,ITF14,Chieti,2018,383047
372,ITF14,Chieti,2019,380675
373,ITF14,Chieti,2020,378840
374,ITF14,Chieti,2021,375215
375,ITF14,Chieti,2022,373717
376,ITF14,Chieti,2023,371975
377,ITC42,Como,2011,587914
378,ITC42,Como,2012,591451
379,ITC42,Como,2013,594725
380,ITC42,Como,2014,596740
381,ITC42,Como,2015,597842
382,ITC42,Como,2016,597433
383,ITC42,Como,2017,597927
384,ITC42,Como,2018,597486
385,ITC42,Como,2019,597807
386,ITC42,Como,2020,597642
387,ITC42,Como,2021,596456
388,ITC42,Como,2022,594941
389,ITC42,Como,2023,595513
390,ITF61,Cosenza,2011,718703
391,ITF61,Cosenza,2012,718158
392,ITF61,Cosenza,2013,715559
393,ITF61,Cosenza,2014,713368
394,ITF61,Cosenza,2015,710806
395,ITF61,Cosenza,2016,706823
396,ITF61,Cosenza,2017,703066
397,ITF61,Cosenza,2018,699142
398,ITF61,Cosenza,2019,695605
399,ITF61,Cosenza,2020,690503
400,ITF61,Cosenza,2021,676119
401,ITF61,Cosenza,2022,674543
402,ITF61,Cosenza,2023,670943
403,ITC4A,Cremona,2011,359451
404,ITC4A,Cremona,2012,360175
405,ITC4A,Cremona,2013,360815
406,ITC4A,Cremona,2014,360160
407,ITC4A,Cremona,2015,359489
408,ITC4A,Cremona,2016,358243
409,ITC4A,Cremona,2017,357168
410,ITC4A,Cremona,2018,356086
411,ITC4A,Cremona,2019,356150
412,ITC4A,Cremona,2020,355908
413,ITC4A,Cremona,2021,352242
414,ITC4A,Cremona,2022,351654
415,ITC4A,Cremona,2023,351169
416,ITF62,Crotone,2011,171758
417,ITF62,Crotone,2012,171465
418,ITF62,Crotone,2013,171356
419,ITF62,Crotone,2014,172000
420,ITF62,Crotone,2015,171969
421,ITF62,Crotone,2016,171985
422,ITF62,Crotone,2017,172635
423,ITF62,Crotone,2018,171904
424,ITF62,Crotone,2019,171486
425,ITF62,Crotone,2020,168581
426,ITF62,Crotone,2021,164059
427,ITF62,Crotone,2022,163553
428,ITF62,Crotone,2023,161981
429,ITC16,Cuneo,2011,589212
430,ITC16,Cuneo,2012,591101
431,ITC16,Cuneo,2013,592436
432,ITC16,Cuneo,2014,592800
433,ITC16,Cuneo,2015,592331
434,ITC16,Cuneo,2016,590522
435,ITC16,Cuneo,2017,589206
436,ITC16,Cuneo,2018,588639
437,ITC16,Cuneo,2019,587213
438,ITC16,Cuneo,2020,586113
439,ITC16,Cuneo,2021,581798
440,ITC16,Cuneo,2022,580155
441,ITC16,Cuneo,2023,579948
442,ITD5,Emilia-Romagna,2011,4371595
443,ITD5,Emilia-Romagna,2012,4391314
444,ITD5,Emilia-Romagna,2013,4415458
445,ITD5,Emilia-Romagna,2014,4432241
446,ITD5,Emilia-Romagna,2015,4434377
447,ITD5,Emilia-Romagna,2016,4435480
448,ITD5,Emilia-Romagna,2017,4439768
449,ITD5,Emilia-Romagna,2018,4445920
450,ITD5,Emilia-Romagna,2019,4459453
451,ITD5,Emilia-Romagna,2020,4464119
452,ITD5,Emilia-Romagna,2021,4438937
453,ITD5,Emilia-Romagna,2022,4425366
454,ITD5,Emilia-Romagna,2023,4426929
455,ITG16,Enna,2011,174761
456,ITG16,Enna,2012,174251
457,ITG16,Enna,2013,172799
458,ITG16,Enna,2014,171480
459,ITG16,Enna,2015,169922
460,ITG16,Enna,2016,168273
461,ITG16,Enna,2017,166296
462,ITG16,Enna,2018,164159
463,ITG16,Enna,2019,162371
464,ITG16,Enna,2020,160161
465,ITG16,Enna,2021,157690
466,ITG16,Enna,2022,156730
467,ITG16,Enna,2023,154721
468,IT109,Fermo,2011,175696
469,IT109,Fermo,2012,176029
470,IT109,Fermo,2013,176009
471,IT109,Fermo,2014,176030
472,IT109,Fermo,2015,175758
473,IT109,Fermo,2016,174778
474,IT109,Fermo,2017,174011
475,IT109,Fermo,2018,173393
476,IT109,Fermo,2019,172681
477,IT109,Fermo,2020,171737
478,IT109,Fermo,2021,169710
479,IT109,Fermo,2022,168294
480,IT109,Fermo,2023,167398
481,ITD56,Ferrara,2011,356585
482,ITD56,Ferrara,2012,355747
483,ITD56,Ferrara,2013,355163
484,ITD56,Ferrara,2014,354362
485,ITD56,Ferrara,2015,353293
486,ITD56,Ferrara,2016,350704
487,ITD56,Ferrara,2017,347788
488,ITD56,Ferrara,2018,346447
489,ITD56,Ferrara,2019,345538
490,ITD56,Ferrara,2020,344510
491,ITD56,Ferrara,2021,342061
492,ITD56,Ferrara,2022,339573
493,ITD56,Ferrara,2023,338477
494,ITE14,Firenze,2011,987954
495,ITE14,Firenze,2012,991721
496,ITE14,Firenze,2013,999027
497,ITE14,Firenze,2014,1003893
498,ITE14,Firenze,2015,1005814
499,ITE14,Firenze,2016,1005359
500,ITE14,Firenze,2017,1005824
501,ITE14,Firenze,2018,1002913
502,ITE14,Firenze,2019,998976
503,ITE14,Firenze,2020,995517
504,ITE14,Firenze,2021,998431
505,ITE14,Firenze,2022,987260
506,ITE14,Firenze,2023,984991
507,ITF41,Foggia,2011,640725
508,ITF41,Foggia,2012,638760
509,ITF41,Foggia,2013,635508
510,ITF41,Foggia,2014,632597
511,ITF41,Foggia,2015,629554
512,ITF41,Foggia,2016,625294
513,ITF41,Foggia,2017,621555
514,ITF41,Foggia,2018,616829
515,ITF41,Foggia,2019,611518
516,ITF41,Foggia,2020,606904
517,ITF41,Foggia,2021,602394
518,ITF41,Foggia,2022,599028
519,ITF41,Foggia,2023,594007
520,ITD58,Forlì-Cesena,2011,391936
521,ITD58,Forlì-Cesena,2012,393718
522,ITD58,Forlì-Cesena,2013,394753
523,ITD58,Forlì-Cesena,2014,395737
524,ITD58,Forlì-Cesena,2015,394957
525,ITD58,Forlì-Cesena,2016,393717
526,ITD58,Forlì-Cesena,2017,393337
527,ITD58,Forlì-Cesena,2018,393867
528,ITD58,Forlì-Cesena,2019,395438
529,ITD58,Forlì-Cesena,2020,395306
530,ITD58,Forlì-Cesena,2021,392642
531,ITD58,Forlì-Cesena,2022,391293
532,ITD58,Forlì-Cesena,2023,390868
533,ITD4,Friuli-Venezia Giulia,2011,1225361
534,ITD4,Friuli-Venezia Giulia,2012,1223642
535,ITD4,Friuli-Venezia Giulia,2013,1224987
536,ITD4,Friuli-Venezia Giulia,2014,1224984
537,ITD4,Friuli-Venezia Giulia,2015,1221664
538,ITD4,Friuli-Venezia Giulia,2016,1216208
539,ITD4,Friuli-Venezia Giulia,2017,1212809
540,ITD4,Friuli-Venezia Giulia,2018,1211155
541,ITD4,Friuli-Venezia Giulia,2019,1210414
542,ITD4,Friuli-Venezia Giulia,2020,1206216
543,ITD4,Friuli-Venezia Giulia,2021,1201510
544,ITD4,Friuli-Venezia Giulia,2022,1194647
545,ITD4,Friuli-Venezia Giulia,2023,1192191
546,ITE45,Frosinone,2011,495815
547,ITE45,Frosinone,2012,495526
548,ITE45,Frosinone,2013,495056
549,ITE45,Frosinone,2014,493461
550,ITE45,Frosinone,2015,491410
551,ITE45,Frosinone,2016,488869
552,ITE45,Frosinone,2017,486273
553,ITE45,Frosinone,2018,483156
554,ITE45,Frosinone,2019,480968
555,ITE45,Frosinone,2020,477502
556,ITE45,Frosinone,2021,472559
557,ITE45,Frosinone,2022,470689
558,ITE45,Frosinone,2023,466757
559,ITC33,Genova,2011,868956
560,ITC33,Genova,2012,867082
561,ITC33,Genova,2013,865118
562,ITC33,Genova,2014,860560
563,ITC33,Genova,2015,853201
564,ITC33,Genova,2016,846211
565,ITC33,Genova,2017,842249
566,ITC33,Genova,2018,836148
567,ITC33,Genova,2019,831172
568,ITC33,Genova,2020,826194
569,ITC33,Genova,2021,823612
570,ITC33,Genova,2022,817402
571,ITC33,Genova,2023,813626
572,ITD43,Gorizia,2011,140834
573,ITD43,Gorizia,2012,140458
574,ITD43,Gorizia,2013,140214
575,ITD43,Gorizia,2014,140222
576,ITD43,Gorizia,2015,139904
577,ITD43,Gorizia,2016,139234
578,ITD43,Gorizia,2017,138555
579,ITD43,Gorizia,2018,138218
580,ITD43,Gorizia,2019,138143
581,ITD43,Gorizia,2020,137795
582,ITD43,Gorizia,2021,139070
583,ITD43,Gorizia,2022,137899
584,ITD43,Gorizia,2023,137784
585,ITE1A,Grosseto,2011,225970
586,ITE1A,Grosseto,2012,226405
587,ITE1A,Grosseto,2013,226007
588,ITE1A,Grosseto,2014,225140
589,ITE1A,Grosseto,2015,224192
590,ITE1A,Grosseto,2016,222981
591,ITE1A,Grosseto,2017,222258
592,ITE1A,Grosseto,2018,221301
593,ITE1A,Grosseto,2019,220539
594,ITE1A,Grosseto,2020,219690
595,ITE1A,Grosseto,2021,217846
596,ITE1A,Grosseto,2022,217009
597,ITE1A,Grosseto,2023,215973
598,ITC31,Imperia,2011,217934
599,ITC31,Imperia,2012,218083
600,ITC31,Imperia,2013,217545
601,ITC31,Imperia,2014,216226
602,ITC31,Imperia,2015,214981
603,ITC31,Imperia,2016,213022
604,ITC31,Imperia,2017,212400
605,ITC31,Imperia,2018,211081
606,ITC31,Imperia,2019,209982
607,ITC31,Imperia,2020,209382
608,ITC31,Imperia,2021,209244
609,ITC31,Imperia,2022,208670
610,ITC31,Imperia,2023,208096
611,ITF21,Isernia,2011,87431
612,ITF21,Isernia,2012,87213
613,ITF21,Isernia,2013,87043
614,ITF21,Isernia,2014,86839
615,ITF21,Isernia,2015,86489
616,ITF21,Isernia,2016,86069
617,ITF21,Isernia,2017,85497
618,ITF21,Isernia,2018,84971
619,ITF21,Isernia,2019,84027
620,ITF21,Isernia,2020,83154
621,ITF21,Isernia,2021,81415
622,ITF21,Isernia,2022,80564
623,ITF21,Isernia,2023,79777
624,ITG,Isole,2011,6715315
625,ITG,Isole,2012,6717025
626,ITG,Isole,2013,6708123
627,ITG,Isole,2014,6694282
628,ITG,Isole,2015,6676908
629,ITG,Isole,2016,6646892
630,ITG,Isole,2017,6614739
631,ITG,Isole,2018,6573228
632,ITG,Isole,2019,6530805
633,ITG,Isole,2020,6486911
634,ITG,Isole,2021,6423749
635,ITG,Isole,2022,6420742
636,ITG,Isole,2023,6377044
637,IT,Italy,2011,59948497
638,IT,Italy,2012,60105185
639,IT,Italy,2013,60277309
640,IT,Italy,2014,60345917
641,IT,Italy,2015,60295497
642,IT,Italy,2016,60163712
643,IT,Italy,2017,60066734
644,IT,Italy,2018,59937769
645,IT,Italy,2019,59816673
646,IT,Italy,2020,59641488
647,IT,Italy,2021,59236213
648,IT,Italy,2022,59030133
649,IT,Italy,2023,58850717
650,ITF11,L'Aquila,2011,306124
651,ITF11,L'Aquila,2012,306200
652,ITF11,L'Aquila,2013,306279
653,ITF11,L'Aquila,2014,305639
654,ITF11,L'Aquila,2015,304136
655,ITF11,L'Aquila,2016,302311
656,ITF11,L'Aquila,2017,300762
657,ITF11,L'Aquila,2018,299084
658,ITF11,L'Aquila,2019,297313
659,ITF11,L'Aquila,2020,294838
660,ITF11,L'Aquila,2021,290811
661,ITF11,L'Aquila,2022,288956
662,ITF11,L'Aquila,2023,287151
663,ITC34,La Spezia,2011,221339
664,ITC34,La Spezia,2012,221271
665,ITC34,La Spezia,2013,221219
666,ITC34,La Spezia,2014,221278
667,ITC34,La Spezia,2015,220439
668,ITC34,La Spezia,2016,219741
669,ITC34,La Spezia,2017,219373
670,ITC34,La Spezia,2018,218614
671,ITC34,La Spezia,2019,218094
672,ITC34,La Spezia,2020,217418
673,ITC34,La Spezia,2021,215887
674,ITC34,La Spezia,2022,215117
675,ITC34,La Spezia,2023,214279
676,ITE44,Latina,2011,546421
677,ITE44,Latina,2012,551248
678,ITE44,Latina,2013,557713
679,ITE44,Latina,2014,560527
680,ITE44,Latina,2015,562493
681,ITE44,Latina,2016,563643
682,ITE44,Latina,2017,563908
683,ITE44,Latina,2018,564169
684,ITE44,Latina,2019,563271
685,ITE44,Latina,2020,562592
686,ITE44,Latina,2021,566224
687,ITE44,Latina,2022,567439
688,ITE44,Latina,2023,565999
689,ITE4,Lazio,2011,5563046
690,ITE4,Lazio,2012,5605706
691,ITE4,Lazio,2013,5678764
692,ITE4,Lazio,2014,5723955
693,ITE4,Lazio,2015,5744899
694,ITE4,Lazio,2016,5761508
695,ITE4,Lazio,2017,5774092
696,ITE4,Lazio,2018,5774606
697,ITE4,Lazio,2019,5773076
698,ITE4,Lazio,2020,5755700
699,ITE4,Lazio,2021,5730399
700,ITE4,Lazio,2022,5714882
701,ITE4,Lazio,2023,5707112
702,ITF45,Lecce,2011,814923
703,ITF45,Lecce,2012,815462
704,ITF45,Lecce,2013,812490
705,ITF45,Lecce,2014,808602
706,ITF45,Lecce,2015,804812
707,ITF45,Lecce,2016,800949
708,ITF45,Lecce,2017,796925
709,ITF45,Lecce,2018,791902
710,ITF45,Lecce,2019,786408
711,ITF45,Lecce,2020,782165
712,ITF45,Lecce,2021,776230
713,ITF45,Lecce,2022,775348
714,ITF45,Lecce,2023,770078
715,ITC43,Lecco,2011,335414
716,ITC43,Lecco,2012,336322
717,ITC43,Lecco,2013,337545
718,ITC43,Lecco,2014,337883
719,ITC43,Lecco,2015,337162
720,ITC43,Lecco,2016,335812
721,ITC43,Lecco,2017,335744
722,ITC43,Lecco,2018,335588
723,ITC43,Lecco,2019,335554
724,ITC43,Lecco,2020,334961
725,ITC43,Lecco,2021,333569
726,ITC43,Lecco,2022,332457
727,ITC43,Lecco,2023,332043
728,ITC3,Liguria,2011,1592593
729,ITC3,Liguria,2012,1590096
730,ITC3,Liguria,2013,1587322
731,ITC3,Liguria,2014,1580322
732,ITC3,Liguria,2015,1569427
733,ITC3,Liguria,2016,1557742
734,ITC3,Liguria,2017,1551379
735,ITC3,Liguria,2018,1541541
736,ITC3,Liguria,2019,1532980
737,ITC3,Liguria,2020,1524826
738,ITC3,Liguria,2021,1518495
739,ITC3,Liguria,2022,1509227
740,ITC3,Liguria,2023,1502624
741,ITE16,Livorno,2011,341461
742,ITE16,Livorno,2012,341636
743,ITE16,Livorno,2013,341044
744,ITE16,Livorno,2014,339683
745,ITE16,Livorno,2015,338374
746,ITE16,Livorno,2016,336860
747,ITE16,Livorno,2017,335870
748,ITE16,Livorno,2018,334483
749,ITE16,Livorno,2019,332887
750,ITE16,Livorno,2020,331877
751,ITE16,Livorno,2021,328996
752,ITE16,Livorno,2022,327262
753,ITE16,Livorno,2023,325243
754,ITC49,Lodi,2011,224518
755,ITC49,Lodi,2012,225824
756,ITC49,Lodi,2013,227168
757,ITC49,Lodi,2014,227647
758,ITC49,Lodi,2015,227637
759,ITC49,Lodi,2016,226999
760,ITC49,Lodi,2017,226686
761,ITC49,Lodi,2018,226807
762,ITC49,Lodi,2019,226949
763,ITC49,Lodi,2020,227412
764,ITC49,Lodi,2021,227343
765,ITC49,Lodi,2022,227327
766,ITC49,Lodi,2023,227495
767,ITC4,Lombardia,2011,9746113
768,ITC4,Lombardia,2012,9811011
769,ITC4,Lombardia,2013,9877541
770,ITC4,Lombardia,2014,9929769
771,ITC4,Lombardia,2015,9954769
772,ITC4,Lombardia,2016,9958447
773,ITC4,Lombardia,2017,9970419
774,ITC4,Lombardia,2018,9986962
775,ITC4,Lombardia,2019,10010833
776,ITC4,Lombardia,2020,10027602
777,ITC4,Lombardia,2021,9981554
778,ITC4,Lombardia,2022,9943004
779,ITC4,Lombardia,2023,9950742
780,ITE12,Lucca,2011,394298
781,ITE12,Lucca,2012,394759
782,ITE12,Lucca,2013,394493
783,ITE12,Lucca,2014,393038
784,ITE12,Lucca,2015,391332
785,ITE12,Lucca,2016,388297
786,ITE12,Lucca,2017,386741
787,ITE12,Lucca,2018,385329
788,ITE12,Lucca,2019,383477
789,ITE12,Lucca,2020,382543
790,ITE12,Lucca,2021,383957
791,ITE12,Lucca,2022,382464
792,ITE12,Lucca,2023,380830
793,ITE33,Macerata,2011,321492
794,ITE33,Macerata,2012,321322
795,ITE33,Macerata,2013,321791
796,ITE33,Macerata,2014,321356
797,ITE33,Macerata,2015,320894
798,ITE33,Macerata,2016,319057
799,ITE33,Macerata,2017,317542
800,ITE33,Macerata,2018,314944
801,ITE33,Macerata,2019,313022
802,ITE33,Macerata,2020,310815
803,ITE33,Macerata,2021,307410
804,ITE33,Macerata,2022,304986
805,ITE33,Macerata,2023,303246
806,ITC4B,Mantova,2011,409789
807,ITC4B,Mantova,2012,411086
808,ITC4B,Mantova,2013,412575
809,ITC4B,Mantova,2014,412704
810,ITC4B,Mantova,2015,411971
811,ITC4B,Mantova,2016,409504
812,ITC4B,Mantova,2017,408668
813,ITC4B,Mantova,2018,407574
814,ITC4B,Mantova,2019,407851
815,ITC4B,Mantova,2020,406919
816,ITC4B,Mantova,2021,406061
817,ITC4B,Mantova,2022,404476
818,ITC4B,Mantova,2023,404696
819,ITE3,Marche,2011,1549616
820,ITE3,Marche,2012,1550010
821,ITE3,Marche,2013,1551668
822,ITE3,Marche,2014,1549478
823,ITE3,Marche,2015,1545869
824,ITE3,Marche,2016,1538442
825,ITE3,Marche,2017,1532460
826,ITE3,Marche,2018,1526331
827,ITE3,Marche,2019,1520321
828,ITE3,Marche,2020,1512672
829,ITE3,Marche,2021,1498236
830,ITE3,Marche,2022,1487150
831,ITE3,Marche,2023,1480839
832,ITE11,Massa-Carrara,2011,202623
833,ITE11,Massa-Carrara,2012,202427
834,ITE11,Massa-Carrara,2013,201427
835,ITE11,Massa-Carrara,2014,200083
836,ITE11,Massa-Carrara,2015,198797
837,ITE11,Massa-Carrara,2016,196689
838,ITE11,Massa-Carrara,2017,195187
839,ITE11,Massa-Carrara,2018,194207
840,ITE11,Massa-Carrara,2019,192835
841,ITE11,Massa-Carrara,2020,191685
842,ITE11,Massa-Carrara,2021,189836
843,ITE11,Massa-Carrara,2022,188483
844,ITE11,Massa-Carrara,2023,187274
845,ITF52,Matera,2011,200895
846,ITF52,Matera,2012,200843
847,ITF52,Matera,2013,200715
848,ITF52,Matera,2014,200444
849,ITF52,Matera,2015,199913
850,ITF52,Matera,2016,199033
851,ITF52,Matera,2017,198014
852,ITF52,Matera,2018,197065
853,ITF52,Matera,2019,196135
854,ITF52,Matera,2020,194853
855,ITF52,Matera,2021,192640
856,ITF52,Matera,2022,191552
857,ITF52,Matera,2023,190739
858,ITG13,Messina,2011,655087
859,ITG13,Messina,2012,653043
860,ITG13,Messina,2013,649222
861,ITG13,Messina,2014,645599
862,ITG13,Messina,2015,641243
863,ITG13,Messina,2016,635610
864,ITG13,Messina,2017,630489
865,ITG13,Messina,2018,624147
866,ITG13,Messina,2019,618713
867,ITG13,Messina,2020,613887
868,ITG13,Messina,2021,603980
869,ITG13,Messina,2022,603229
870,ITG13,Messina,2023,598811
871,ITFG,Mezzogiorno,2011,20836575
872,ITFG,Mezzogiorno,2012,20840851
873,ITFG,Mezzogiorno,2013,20805054
874,ITFG,Mezzogiorno,2014,20761693
875,ITFG,Mezzogiorno,2015,20706750
876,ITFG,Mezzogiorno,2016,20623702
877,ITFG,Mezzogiorno,2017,20539292
878,ITFG,Mezzogiorno,2018,20436931
879,ITFG,Mezzogiorno,2019,20321667
880,ITC45,Milano,2011,3063241
881,ITC45,Milano,2012,3095104
882,ITC45,Milano,2013,3125287
883,ITC45,Milano,2014,3163522
884,ITC45,Milano,2015,3186367
885,ITC45,Milano,2016,3200447
886,ITC45,Milano,2017,3214702
887,ITC45,Milano,2018,3232728
888,ITC45,Milano,2019,3250077
889,ITC45,Milano,2020,3265327
890,ITC45,Milano,2021,3241813
891,ITC45,Milano,2022,3214630
892,ITC45,Milano,2023,3219391
893,ITD54,Modena,2011,691178
894,ITD54,Modena,2012,693464
895,ITD54,Modena,2013,696677
896,ITD54,Modena,2014,699006
897,ITD54,Modena,2015,700222
898,ITD54,Modena,2016,700166
899,ITD54,Modena,2017,700472
900,ITD54,Modena,2018,701962
901,ITD54,Modena,2019,706757
902,ITD54,Modena,2020,707119
903,ITD54,Modena,2021,703696
904,ITD54,Modena,2022,701751
905,ITD54,Modena,2023,702521
906,ITF2,Molise,2011,314816
907,ITF2,Molise,2012,313916
908,ITF2,Molise,2013,313408
909,ITF2,Molise,2014,312897
910,ITF2,Molise,2015,311398
911,ITF2,Molise,2016,310026
912,ITF2,Molise,2017,308400
913,ITF2,Molise,2018,306564
914,ITF2,Molise,2019,303790
915,ITF2,Molise,2020,300516
916,ITF2,Molise,2021,294294
917,ITF2,Molise,2022,292150
918,ITF2,Molise,2023,289840
919,IT108,Monza e della Brianza,2011,839897
920,IT108,Monza e della Brianza,2012,846580
921,IT108,Monza e della Brianza,2013,855068
922,IT108,Monza e della Brianza,2014,858244
923,IT108,Monza e della Brianza,2015,860065
924,IT108,Monza e della Brianza,2016,861122
925,IT108,Monza e della Brianza,2017,863267
926,IT108,Monza e della Brianza,2018,865666
927,IT108,Monza e della Brianza,2019,867385
928,IT108,Monza e della Brianza,2020,870193
929,IT108,Monza e della Brianza,2021,870113
930,IT108,Monza e della Brianza,2022,870407
931,IT108,Monza e della Brianza,2023,871546
932,ITF33,Napoli,2011,3081165
933,ITF33,Napoli,2012,3081729
934,ITF33,Napoli,2013,3079037
935,ITF33,Napoli,2014,3078259
936,ITF33,Napoli,2015,3075600
937,ITF33,Napoli,2016,3071681
938,ITF33,Napoli,2017,3065231
939,ITF33,Napoli,2018,3060023
940,ITF33,Napoli,2019,3048194
941,ITF33,Napoli,2020,3034410
942,ITF33,Napoli,2021,2986745
943,ITF33,Napoli,2022,2988376
944,ITF33,Napoli,2023,2969571
945,ITCD,Nord,2011,27383547
946,ITCD,Nord,2012,27484676
947,ITCD,Nord,2013,27605544
948,ITCD,Nord,2014,27674399
949,ITCD,Nord,2015,27670647
950,ITCD,Nord,2016,27629546
951,ITCD,Nord,2017,27618507
952,ITCD,Nord,2018,27611376
953,ITCD,Nord,2019,27626522
954,ITD,Nord-est,2011,11506801
955,ITD,Nord-est,2012,11539519
956,ITD,Nord-est,2013,11586914
957,ITD,Nord-est,2014,11615139
958,ITD,Nord-est,2015,11614917
959,ITD,Nord-est,2016,11602101
960,ITD,Nord-est,2017,11599684
961,ITD,Nord-est,2018,11606749
962,ITD,Nord-est,2019,11628491
963,ITD,Nord-est,2020,11627537
964,ITD,Nord-est,2021,11587355
965,ITD,Nord-est,2022,11541332
966,ITD,Nord-est,2023,11532690
967,ITC,Nord-ovest,2011,15876746
968,ITC,Nord-ovest,2012,15945157
969,ITC,Nord-ovest,2013,16018630
970,ITC,Nord-ovest,2014,16059260
971,ITC,Nord-ovest,2015,16055730
972,ITC,Nord-ovest,2016,16027445
973,ITC,Nord-ovest,2017,16018823
974,ITC,Nord-ovest,2018,16004627
975,ITC,Nord-ovest,2019,15998031
976,ITC,Nord-ovest,2020,15988679
977,ITC,Nord-ovest,2021,15899083
978,ITC,Nord-ovest,2022,15831941
979,ITC,Nord-ovest,2023,15817057
980,ITC15,Novara,2011,368573
981,ITC15,Novara,2012,369167
982,ITC15,Novara,2013,370383
983,ITC15,Novara,2014,370255
984,ITC15,Novara,2015,369393
985,ITC15,Novara,2016,368071
986,ITC15,Novara,2017,367314
987,ITC15,Novara,2018,366691
988,ITC15,Novara,2019,365773
989,ITC15,Novara,2020,364980
990,ITC15,Novara,2021,362925
991,ITC15,Novara,2022,361916
992,ITC15,Novara,2023,361394
993,ITG26,Nuoro,2011,216694
994,ITG26,Nuoro,2012,216019
995,ITG26,Nuoro,2013,215083
996,ITG26,Nuoro,2014,214391
997,ITG26,Nuoro,2015,213365
998,ITG26,Nuoro,2016,211644
999,ITG26,Nuoro,2017,210532
1000,ITG26,Nuoro,2018,209100
1001,ITG26,Nuoro,2019,207108
1002,ITG26,Nuoro,2020,205205
1003,ITG26,Nuoro,2021,201517
1004,ITG26,Nuoro,2022,200376
1005,ITG26,Nuoro,2023,198184
1006,ITG28,Oristano,2011,164393
1007,ITG28,Oristano,2012,163594
1008,ITG28,Oristano,2013,162768
1009,ITG28,Oristano,2014,162007
1010,ITG28,Oristano,2015,161055
1011,ITG28,Oristano,2016,159947
1012,ITG28,Oristano,2017,158935
1013,ITG28,Oristano,2018,158197
1014,ITG28,Oristano,2019,156623
1015,ITG28,Oristano,2020,154974
1016,ITG28,Oristano,2021,152418
1017,ITG28,Oristano,2022,151655
1018,ITG28,Oristano,2023,150041
1019,ITD36,Padova,2011,924305
1020,ITD36,Padova,2012,927041
1021,ITD36,Padova,2013,930818
1022,ITD36,Padova,2014,932899
1023,ITD36,Padova,2015,934138
1024,ITD36,Padova,2016,932928
1025,ITD36,Padova,2017,931890
1026,ITD36,Padova,2018,932464
1027,ITD36,Padova,2019,933867
1028,ITD36,Padova,2020,933700
1029,ITD36,Padova,2021,932629
1030,ITD36,Padova,2022,929198
1031,ITD36,Padova,2023,928374
1032,ITG12,Palermo,2011,1253450
1033,ITG12,Palermo,2012,1254504
1034,ITG12,Palermo,2013,1256056
1035,ITG12,Palermo,2014,1256483
1036,ITG12,Palermo,2015,1255334
1037,ITG12,Palermo,2016,1250836
1038,ITG12,Palermo,2017,1246163
1039,ITG12,Palermo,2018,1238675
1040,ITG12,Palermo,2019,1231602
1041,ITG12,Palermo,2020,1222988
1042,ITG12,Palermo,2021,1208819
1043,ITG12,Palermo,2022,1208991
1044,ITG12,Palermo,2023,1200957
1045,ITD52,Parma,2011,432723
1046,ITD52,Parma,2012,435124
1047,ITD52,Parma,2013,438921
1048,ITD52,Parma,2014,442271
1049,ITD52,Parma,2015,443892
1050,ITD52,Parma,2016,446764
1051,ITD52,Parma,2017,448455
1052,ITD52,Parma,2018,450486
1053,ITD52,Parma,2019,452505
1054,ITD52,Parma,2020,454873
1055,ITD52,Parma,2021,449628
1056,ITD52,Parma,2022,448916
1057,ITD52,Parma,2023,450854
1058,ITC48,Pavia,2011,539471
1059,ITC48,Pavia,2012,541920
1060,ITC48,Pavia,2013,544494
1061,ITC48,Pavia,2014,544765
1062,ITC48,Pavia,2015,544841
1063,ITC48,Pavia,2016,543875
1064,ITC48,Pavia,2017,543138
1065,ITC48,Pavia,2018,541617
1066,ITC48,Pavia,2019,541717
1067,ITC48,Pavia,2020,540376
1068,ITC48,Pavia,2021,535801
1069,ITC48,Pavia,2022,534506
1070,ITC48,Pavia,2023,534968
1071,ITE21,Perugia,2011,659129
1072,ITE21,Perugia,2012,660352
1073,ITE21,Perugia,2013,662252
1074,ITE21,Perugia,2014,661638
1075,ITE21,Perugia,2015,658819
1076,ITE21,Perugia,2016,655997
1077,ITE21,Perugia,2017,653802
1078,ITE21,Perugia,2018,650524
1079,ITE21,Perugia,2019,648829
1080,ITE21,Perugia,2020,646710
1081,ITE21,Perugia,2021,645506
1082,ITE21,Perugia,2022,640482
1083,ITE21,Perugia,2023,637598
1084,ITE31,Pesaro e Urbino,2011,364199
1085,ITE31,Pesaro e Urbino,2012,364117
1086,ITE31,Pesaro e Urbino,2013,363950
1087,ITE31,Pesaro e Urbino,2014,362931
1088,ITE31,Pesaro e Urbino,2015,361969
1089,ITE31,Pesaro e Urbino,2016,360203
1090,ITE31,Pesaro e Urbino,2017,359369
1091,ITE31,Pesaro e Urbino,2018,359033
1092,ITE31,Pesaro e Urbino,2019,358143
1093,ITE31,Pesaro e Urbino,2020,356497
1094,ITE31,Pesaro e Urbino,2021,353272
1095,ITE31,Pesaro e Urbino,2022,349818
1096,ITE31,Pesaro e Urbino,2023,348873
1097,ITF13,Pescara,2011,320237
1098,ITF13,Pescara,2012,321369
1099,ITF13,Pescara,2013,322011
1100,ITF13,Pescara,2014,322271
1101,ITF13,Pescara,2015,321830
1102,ITF13,Pescara,2016,320710
1103,ITF13,Pescara,2017,320008
1104,ITF13,Pescara,2018,318034
1105,ITF13,Pescara,2019,317366
1106,ITF13,Pescara,2020,316363
1107,ITF13,Pescara,2021,313882
1108,ITF13,Pescara,2022,313631
1109,ITF13,Pescara,2023,312320
1110,ITD51,Piacenza,2011,286139
1111,ITD51,Piacenza,2012,287232
1112,ITD51,Piacenza,2013,287953
1113,ITD51,Piacenza,2014,288231
1114,ITD51,Piacenza,2015,287469
1115,ITD51,Piacenza,2016,286412
1116,ITD51,Piacenza,2017,286162
1117,ITD51,Piacenza,2018,286204
1118,ITD51,Piacenza,2019,286265
1119,ITD51,Piacenza,2020,286433
1120,ITD51,Piacenza,2021,283742
1121,ITD51,Piacenza,2022,283435
1122,ITD51,Piacenza,2023,283650
1123,ITC1,Piemonte,2011,4410887
1124,ITC1,Piemonte,2012,4416745
1125,ITC1,Piemonte,2013,4425816
1126,ITC1,Piemonte,2014,4420924
1127,ITC1,Piemonte,2015,4403562
1128,ITC1,Piemonte,2016,4384226
1129,ITC1,Piemonte,2017,4370348
1130,ITC1,Piemonte,2018,4349911
1131,ITC1,Piemonte,2019,4328565
1132,ITC1,Piemonte,2020,4311217
1133,ITC1,Piemonte,2021,4274945
1134,ITC1,Piemonte,2022,4256350
1135,ITC1,Piemonte,2023,4240736
1136,ITE17,Pisa,2011,415375
1137,ITE17,Pisa,2012,417345
1138,ITE17,Pisa,2013,419298
1139,ITE17,Pisa,2014,420380
1140,ITE17,Pisa,2015,421062
1141,ITE17,Pisa,2016,419784
1142,ITE17,Pisa,2017,420564
1143,ITE17,Pisa,2018,419636
1144,ITE17,Pisa,2019,418300
1145,ITE17,Pisa,2020,418122
1146,ITE17,Pisa,2021,417983
1147,ITE17,Pisa,2022,417041
1148,ITE17,Pisa,2023,416323
1149,ITE13,Pistoia,2011,291373
1150,ITE13,Pistoia,2012,291524
1151,ITE13,Pistoia,2013,291426
1152,ITE13,Pistoia,2014,291254
1153,ITE13,Pistoia,2015,291267
1154,ITE13,Pistoia,2016,290612
1155,ITE13,Pistoia,2017,290462
1156,ITE13,Pistoia,2018,290665
1157,ITE13,Pistoia,2019,291413
1158,ITE13,Pistoia,2020,291697
1159,ITE13,Pistoia,2021,290245
1160,ITE13,Pistoia,2022,289414
1161,ITE13,Pistoia,2023,288911
1162,ITD41,Pordenone,2011,311783
1163,ITD41,Pordenone,2012,311833
1164,ITD41,Pordenone,2013,312803
1165,ITD41,Pordenone,2014,312862
1166,ITD41,Pordenone,2015,312003
1167,ITD41,Pordenone,2016,310755
1168,ITD41,Pordenone,2017,309706
1169,ITD41,Pordenone,2018,309946
1170,ITD41,Pordenone,2019,310636
1171,ITD41,Pordenone,2020,310502
1172,ITD41,Pordenone,2021,310634
1173,ITD41,Pordenone,2022,309473
1174,ITD41,Pordenone,2023,309612
1175,ITF51,Potenza,2011,379895
1176,ITF51,Potenza,2012,378517
1177,ITF51,Potenza,2013,376835
1178,ITF51,Potenza,2014,375370
1179,ITF51,Potenza,2015,373323
1180,ITF51,Potenza,2016,370854
1181,ITF51,Potenza,2017,368391
1182,ITF51,Potenza,2018,365903
1183,ITF51,Potenza,2019,362452
1184,ITF51,Potenza,2020,358401
1185,ITF51,Potenza,2021,352490
1186,ITF51,Potenza,2022,349616
1187,ITF51,Potenza,2023,345920
1188,ITE15,Prato,2011,249263
1189,ITE15,Prato,2012,249134
1190,ITE15,Prato,2013,251893
1191,ITE15,Prato,2014,253550
1192,ITE15,Prato,2015,252588
1193,ITE15,Prato,2016,253400
1194,ITE15,Prato,2017,254606
1195,ITE15,Prato,2018,255259
1196,ITE15,Prato,2019,256534
1197,ITE15,Prato,2020,257073
1198,ITE15,Prato,2021,265269
1199,ITE15,Prato,2022,258123
1200,ITE15,Prato,2023,258459
1201,ITD2,Provincia Autonoma Trento,2011,525833
1202,ITD2,Provincia Autonoma Trento,2012,529246
1203,ITD2,Provincia Autonoma Trento,2013,533435
1204,ITD2,Provincia Autonoma Trento,2014,536813
1205,ITD2,Provincia Autonoma Trento,2015,538188
1206,ITD2,Provincia Autonoma Trento,2016,539513
1207,ITD2,Provincia Autonoma Trento,2017,540280
1208,ITD2,Provincia Autonoma Trento,2018,541966
1209,ITD2,Provincia Autonoma Trento,2019,543721
1210,ITD2,Provincia Autonoma Trento,2020,545425
1211,ITD2,Provincia Autonoma Trento,2021,542166
1212,ITD2,Provincia Autonoma Trento,2022,540958
1213,ITD2,Provincia Autonoma Trento,2023,542050
1214,ITF4,Puglia,2011,4101558
1215,ITF4,Puglia,2012,4102797
1216,ITF4,Puglia,2013,4090530
1217,ITF4,Puglia,2014,4077788
1218,ITF4,Puglia,2015,4063269
1219,ITF4,Puglia,2016,4043735
1220,ITF4,Puglia,2017,4024067
1221,ITF4,Puglia,2018,4000966
1222,ITF4,Puglia,2019,3975528
1223,ITF4,Puglia,2020,3953305
1224,ITF4,Puglia,2021,3933777
1225,ITF4,Puglia,2022,3922941
1226,ITF4,Puglia,2023,3900852
1227,ITG18,Ragusa,2011,314431
1228,ITG18,Ragusa,2012,316385
1229,ITG18,Ragusa,2013,317305
1230,ITG18,Ragusa,2014,317335
1231,ITG18,Ragusa,2015,317146
1232,ITG18,Ragusa,2016,317324
1233,ITG18,Ragusa,2017,317476
1234,ITG18,Ragusa,2018,316682
1235,ITG18,Ragusa,2019,315564
1236,ITG18,Ragusa,2020,315601
1237,ITG18,Ragusa,2021,314910
1238,ITG18,Ragusa,2022,316142
1239,ITG18,Ragusa,2023,317136
1240,ITD57,Ravenna,2011,387032
1241,ITD57,Ravenna,2012,389072
1242,ITD57,Ravenna,2013,390631
1243,ITD57,Ravenna,2014,391295
1244,ITD57,Ravenna,2015,390424
1245,ITD57,Ravenna,2016,389996
1246,ITD57,Ravenna,2017,389924
1247,ITD57,Ravenna,2018,389939
1248,ITD57,Ravenna,2019,388913
1249,ITD57,Ravenna,2020,387970
1250,ITD57,Ravenna,2021,386643
1251,ITD57,Ravenna,2022,385631
1252,ITD57,Ravenna,2023,385661
1253,ITF65,Reggio di Calabria,2011,554859
1254,ITF65,Reggio di Calabria,2012,553518
1255,ITF65,Reggio di Calabria,2013,551984
1256,ITF65,Reggio di Calabria,2014,550884
1257,ITF65,Reggio di Calabria,2015,549202
1258,ITF65,Reggio di Calabria,2016,546527
1259,ITF65,Reggio di Calabria,2017,543930
1260,ITF65,Reggio di Calabria,2018,540579
1261,ITF65,Reggio di Calabria,2019,536487
1262,ITF65,Reggio di Calabria,2020,530967
1263,ITF65,Reggio di Calabria,2021,523791
1264,ITF65,Reggio di Calabria,2022,522127
1265,ITF65,Reggio di Calabria,2023,517202
1266,ITD53,Reggio nell'Emilia,2011,521464
1267,ITD53,Reggio nell'Emilia,2012,524564
1268,ITD53,Reggio nell'Emilia,2013,528349
1269,ITD53,Reggio nell'Emilia,2014,530584
1270,ITD53,Reggio nell'Emilia,2015,529306
1271,ITD53,Reggio nell'Emilia,2016,529643
1272,ITD53,Reggio nell'Emilia,2017,529479
1273,ITD53,Reggio nell'Emilia,2018,529588
1274,ITD53,Reggio nell'Emilia,2019,529932
1275,ITD53,Reggio nell'Emilia,2020,529609
1276,ITD53,Reggio nell'Emilia,2021,527140
1277,ITD53,Reggio nell'Emilia,2022,525586
1278,ITD53,Reggio nell'Emilia,2023,525155
1279,ITE42,Rieti,2011,157401
1280,ITE42,Rieti,2012,157316
1281,ITE42,Rieti,2013,158188
1282,ITE42,Rieti,2014,158024
1283,ITE42,Rieti,2015,157477
1284,ITE42,Rieti,2016,156869
1285,ITE42,Rieti,2017,155875
1286,ITE42,Rieti,2018,154828
1287,ITE42,Rieti,2019,153534
1288,ITE42,Rieti,2020,152497
1289,ITE42,Rieti,2021,151335
1290,ITE42,Rieti,2022,151143
1291,ITE42,Rieti,2023,150357
1292,ITD59,Rimini,2011,324539
1293,ITD59,Rimini,2012,326491
1294,ITD59,Rimini,2013,329679
1295,ITD59,Rimini,2014,331788
1296,ITD59,Rimini,2015,332716
1297,ITD59,Rimini,2016,333056
1298,ITD59,Rimini,2017,334320
1299,ITD59,Rimini,2018,334877
1300,ITD59,Rimini,2019,336554
1301,ITD59,Rimini,2020,336798
1302,ITD59,Rimini,2021,337777
1303,ITD59,Rimini,2022,338369
1304,ITD59,Rimini,2023,338084
1305,ITE43,Roma,2011,4048608
1306,ITE43,Roma,2012,4085141
1307,ITE43,Roma,2013,4149642
1308,ITE43,Roma,2014,4194085
1309,ITE43,Roma,2015,4216217
1310,ITE43,Roma,2016,4236445
1311,ITE43,Roma,2017,4254033
1312,ITE43,Roma,2018,4259443
1313,ITE43,Roma,2019,4263542
1314,ITE43,Roma,2020,4253314
1315,ITE43,Roma,2021,4231451
1316,ITE43,Roma,2022,4216874
1317,ITE43,Roma,2023,4216553
1318,ITD37,Rovigo,2011,244610
1319,ITD37,Rovigo,2012,244007
1320,ITD37,Rovigo,2013,243750
1321,ITD37,Rovigo,2014,242748
1322,ITD37,Rovigo,2015,241057
1323,ITD37,Rovigo,2016,238940
1324,ITD37,Rovigo,2017,236994
1325,ITD37,Rovigo,2018,234870
1326,ITD37,Rovigo,2019,233428
1327,ITD37,Rovigo,2020,231734
1328,ITD37,Rovigo,2021,230763
1329,ITD37,Rovigo,2022,228902
1330,ITD37,Rovigo,2023,227418
1331,ITF35,Salerno,2011,1104369
1332,ITF35,Salerno,2012,1106182
1333,ITF35,Salerno,2013,1105702
1334,ITF35,Salerno,2014,1103254
1335,ITF35,Salerno,2015,1102188
1336,ITF35,Salerno,2016,1098529
1337,ITF35,Salerno,2017,1095614
1338,ITF35,Salerno,2018,1091434
1339,ITF35,Salerno,2019,1087055
1340,ITF35,Salerno,2020,1081380
1341,ITF35,Salerno,2021,1065967
1342,ITF35,Salerno,2022,1064493
1343,ITF35,Salerno,2023,1058639
1344,ITG2,Sardegna,2011,1655833
1345,ITG2,Sardegna,2012,1655079
1346,ITG2,Sardegna,2013,1654583
1347,ITG2,Sardegna,2014,1652528
1348,ITG2,Sardegna,2015,1648642
1349,ITG2,Sardegna,2016,1642492
1350,ITG2,Sardegna,2017,1636839
1351,ITG2,Sardegna,2018,1631040
1352,ITG2,Sardegna,2019,1622257
1353,ITG2,Sardegna,2020,1611621
1354,ITG2,Sardegna,2021,1590044
1355,ITG2,Sardegna,2022,1587413
1356,ITG2,Sardegna,2023,1575028
1357,ITG25,Sassari,2011,485100
1358,ITG25,Sassari,2012,486257
1359,ITG25,Sassari,2013,487737
1360,ITG25,Sassari,2014,488789
1361,ITG25,Sassari,2015,488917
1362,ITG25,Sassari,2016,488904
1363,ITG25,Sassari,2017,488453
1364,ITG25,Sassari,2018,487509
1365,ITG25,Sassari,2019,486689
1366,ITG25,Sassari,2020,484407
1367,ITG25,Sassari,2021,476357
1368,ITG25,Sassari,2022,476516
1369,ITG25,Sassari,2023,473629
1370,ITC32,Savona,2011,284364
1371,ITC32,Savona,2012,283660
1372,ITC32,Savona,2013,283440
1373,ITC32,Savona,2014,282258
1374,ITC32,Savona,2015,280806
1375,ITC32,Savona,2016,278768
1376,ITC32,Savona,2017,277357
1377,ITC32,Savona,2018,275698
1378,ITC32,Savona,2019,273732
1379,ITC32,Savona,2020,271832
1380,ITC32,Savona,2021,269752
1381,ITC32,Savona,2022,268038
1382,ITC32,Savona,2023,266623
1383,ITG1,Sicilia,2011,5059482
1384,ITG1,Sicilia,2012,5061946
1385,ITG1,Sicilia,2013,5053540
1386,ITG1,Sicilia,2014,5041754
1387,ITG1,Sicilia,2015,5028266
1388,ITG1,Sicilia,2016,5004400
1389,ITG1,Sicilia,2017,4977900
1390,ITG1,Sicilia,2018,4942188
1391,ITG1,Sicilia,2019,4908548
1392,ITG1,Sicilia,2020,4875290
1393,ITG1,Sicilia,2021,4833705
1394,ITG1,Sicilia,2022,4833329
1395,ITG1,Sicilia,2023,4802016
1396,ITE19,Siena,2011,270689
1397,ITE19,Siena,2012,271065
1398,ITE19,Siena,2013,271056
1399,ITE19,Siena,2014,270705
1400,ITE19,Siena,2015,269912
1401,ITE19,Siena,2016,268679
1402,ITE19,Siena,2017,267330
1403,ITE19,Siena,2018,266880
1404,ITE19,Siena,2019,266033
1405,ITE19,Siena,2020,265179
1406,ITE19,Siena,2021,263801
1407,ITE19,Siena,2022,261209
1408,ITE19,Siena,2023,259858
1409,ITG19,Siracusa,2011,405967
1410,ITG19,Siracusa,2012,406140
1411,ITG19,Siracusa,2013,404627
1412,ITG19,Siracusa,2014,403111
1413,ITG19,Siracusa,2015,401808
1414,ITG19,Siracusa,2016,399617
1415,ITG19,Siracusa,2017,397377
1416,ITG19,Siracusa,2018,394169
1417,ITG19,Siracusa,2019,391400
1418,ITG19,Siracusa,2020,389344
1419,ITG19,Siracusa,2021,386071
1420,ITG19,Siracusa,2022,385900
1421,ITG19,Siracusa,2023,383738
1422,ITC44,Sondrio,2011,181789
1423,ITC44,Sondrio,2012,181848
1424,ITC44,Sondrio,2013,181974
1425,ITC44,Sondrio,2014,182348
1426,ITC44,Sondrio,2015,181859
1427,ITC44,Sondrio,2016,181469
1428,ITC44,Sondrio,2017,181083
1429,ITC44,Sondrio,2018,181025
1430,ITC44,Sondrio,2019,180680
1431,ITC44,Sondrio,2020,180425
1432,ITC44,Sondrio,2021,178798
1433,ITC44,Sondrio,2022,178784
1434,ITC44,Sondrio,2023,178472
1435,ITF,Sud,2011,14121260
1436,ITF,Sud,2012,14123826
1437,ITF,Sud,2013,14096931
1438,ITF,Sud,2014,14067411
1439,ITF,Sud,2015,14029842
1440,ITF,Sud,2016,13976810
1441,ITF,Sud,2017,13924553
1442,ITF,Sud,2018,13863703
1443,ITF,Sud,2019,13790862
1444,ITF,Sud,2020,13707269
1445,ITF,Sud,2021,13539074
1446,ITF,Sud,2022,13512083
1447,ITF,Sud,2023,13430686
1448,IT111,Sud Sardegna,2011,364215
1449,IT111,Sud Sardegna,2012,363474
1450,IT111,Sud Sardegna,2013,361939
1451,IT111,Sud Sardegna,2014,360601
1452,IT111,Sud Sardegna,2015,358627
1453,IT111,Sud Sardegna,2016,355986
1454,IT111,Sud Sardegna,2017,353554
1455,IT111,Sud Sardegna,2018,351028
1456,IT111,Sud Sardegna,2019,347732
1457,IT111,Sud Sardegna,2020,344195
1458,IT111,Sud Sardegna,2021,338264
1459,IT111,Sud Sardegna,2022,337178
1460,IT111,Sud Sardegna,2023,333621
1461,ITF43,Taranto,2011,588940
1462,ITF43,Taranto,2012,588744
1463,ITF43,Taranto,2013,586653
1464,ITF43,Taranto,2014,584796
1465,ITF43,Taranto,2015,582400
1466,ITF43,Taranto,2016,579310
1467,ITF43,Taranto,2017,576041
1468,ITF43,Taranto,2018,572436
1469,ITF43,Taranto,2019,568258
1470,ITF43,Taranto,2020,563995
1471,ITF43,Taranto,2021,561958
1472,ITF43,Taranto,2022,559892
1473,ITF43,Taranto,2023,555999
1474,ITF12,Teramo,2011,309564
1475,ITF12,Teramo,2012,310139
1476,ITF12,Teramo,2013,310723
1477,ITF12,Teramo,2014,310157
1478,ITF12,Teramo,2015,309674
1479,ITF12,Teramo,2016,308326
1480,ITF12,Teramo,2017,307687
1481,ITF12,Teramo,2018,305894
1482,ITF12,Teramo,2019,305291
1483,ITF12,Teramo,2020,303900
1484,ITF12,Teramo,2021,301104
1485,ITF12,Teramo,2022,299646
1486,ITF12,Teramo,2023,298414
1487,ITE22,Terni,2011,230321
1488,ITE22,Terni,2012,230055
1489,ITE22,Terni,2013,230490
1490,ITE22,Terni,2014,230461
1491,ITE22,Terni,2015,229469
1492,ITE22,Terni,2016,228095
1493,ITE22,Terni,2017,227190
1494,ITE22,Terni,2018,225953
1495,ITE22,Terni,2019,224915
1496,ITE22,Terni,2020,223455
1497,ITE22,Terni,2021,219946
1498,ITE22,Terni,2022,218330
1499,ITE22,Terni,2023,216539
1500,ITC11,Torino,2011,2273859
1501,ITC11,Torino,2012,2278547
1502,ITC11,Torino,2013,2286885
1503,ITC11,Torino,2014,2285336
1504,ITC11,Torino,2015,2275771
1505,ITC11,Torino,2016,2268360
1506,ITC11,Torino,2017,2262336
1507,ITC11,Torino,2018,2249616
1508,ITC11,Torino,2019,2238663
1509,ITC11,Torino,2020,2230946
1510,ITC11,Torino,2021,2219206
1511,ITC11,Torino,2022,2208370
1512,ITC11,Torino,2023,2198237
1513,ITE1,Toscana,2011,3726263
1514,ITE1,Toscana,2012,3733535
1515,ITE1,Toscana,2013,3743537
1516,ITE1,Toscana,2014,3744293
1517,ITE1,Toscana,2015,3739044
1518,ITE1,Toscana,2016,3726422
1519,ITE1,Toscana,2017,3721391
1520,ITE1,Toscana,2018,3712048
1521,ITE1,Toscana,2019,3701343
1522,ITE1,Toscana,2020,3692555
1523,ITE1,Toscana,2021,3692865
1524,ITE1,Toscana,2022,3663191
1525,ITE1,Toscana,2023,3651152
1526,ITG11,Trapani,2011,435961
1527,ITG11,Trapani,2012,436395
1528,ITG11,Trapani,2013,435260
1529,ITG11,Trapani,2014,433677
1530,ITG11,Trapani,2015,432813
1531,ITG11,Trapani,2016,431516
1532,ITG11,Trapani,2017,429535
1533,ITG11,Trapani,2018,426963
1534,ITG11,Trapani,2019,424039
1535,ITG11,Trapani,2020,421256
1536,ITG11,Trapani,2021,418277
1537,ITG11,Trapani,2022,417220
1538,ITG11,Trapani,2023,413568
1539,ITDA,Trentino Alto Adige / Südtirol,2011,1030239
1540,ITDA,Trentino Alto Adige / Südtirol,2012,1037235
1541,ITDA,Trentino Alto Adige / Südtirol,2013,1045054
1542,ITDA,Trentino Alto Adige / Südtirol,2014,1052202
1543,ITDA,Trentino Alto Adige / Südtirol,2015,1056182
1544,ITDA,Trentino Alto Adige / Südtirol,2016,1059765
1545,ITDA,Trentino Alto Adige / Südtirol,2017,1063734
1546,ITDA,Trentino Alto Adige / Südtirol,2018,1068738
1547,ITDA,Trentino Alto Adige / Südtirol,2019,1074034
1548,ITDA,Trentino Alto Adige / Südtirol,2020,1078069
1549,ITDA,Trentino Alto Adige / Südtirol,2021,1077078
1550,ITDA,Trentino Alto Adige / Südtirol,2022,1073574
1551,ITDA,Trentino Alto Adige / Südtirol,2023,1075317
1552,ITD34,Treviso,2011,879538
1553,ITD34,Treviso,2012,881011
1554,ITD34,Treviso,2013,883959
1555,ITD34,Treviso,2014,884463
1556,ITD34,Treviso,2015,883548
1557,ITD34,Treviso,2016,881315
1558,ITD34,Treviso,2017,881749
1559,ITD34,Treviso,2018,883346
1560,ITD34,Treviso,2019,884173
1561,ITD34,Treviso,2020,883522
1562,ITD34,Treviso,2021,880417
1563,ITD34,Treviso,2022,877890
1564,ITD34,Treviso,2023,876115
1565,ITD44,Trieste,2011,234125
1566,ITD44,Trieste,2012,233404
1567,ITD44,Trieste,2013,233194
1568,ITD44,Trieste,2014,233208
1569,ITD44,Trieste,2015,232703
1570,ITD44,Trieste,2016,231828
1571,ITD44,Trieste,2017,231911
1572,ITD44,Trieste,2018,232274
1573,ITD44,Trieste,2019,232405
1574,ITD44,Trieste,2020,231445
1575,ITD44,Trieste,2021,230689
1576,ITD44,Trieste,2022,228833
1577,ITD44,Trieste,2023,228080
1578,ITD42,Udine,2011,538619
1579,ITD42,Udine,2012,537947
1580,ITD42,Udine,2013,538776
1581,ITD42,Udine,2014,538692
1582,ITD42,Udine,2015,537054
1583,ITD42,Udine,2016,534391
1584,ITD42,Udine,2017,532637
1585,ITD42,Udine,2018,530717
1586,ITD42,Udine,2019,529230
1587,ITD42,Udine,2020,526474
1588,ITD42,Udine,2021,521117
1589,ITD42,Udine,2022,518442
1590,ITD42,Udine,2023,516715
1591,ITE2,Umbria,2011,889450
1592,ITE2,Umbria,2012,890407
1593,ITE2,Umbria,2013,892742
1594,ITE2,Umbria,2014,892099
1595,ITE2,Umbria,2015,888288
1596,ITE2,Umbria,2016,884092
1597,ITE2,Umbria,2017,880992
1598,ITE2,Umbria,2018,876477
1599,ITE2,Umbria,2019,873744
1600,ITE2,Umbria,2020,870165
1601,ITE2,Umbria,2021,865452
1602,ITE2,Umbria,2022,858812
1603,ITE2,Umbria,2023,854137
1604,ITC20,Valle d'Aosta / Vallée d'Aoste,2011,127153
1605,ITC20,Valle d'Aosta / Vallée d'Aoste,2012,127305
1606,ITC20,Valle d'Aosta / Vallée d'Aoste,2013,127951
1607,ITC20,Valle d'Aosta / Vallée d'Aoste,2014,128245
1608,ITC20,Valle d'Aosta / Vallée d'Aoste,2015,127972
1609,ITC20,Valle d'Aosta / Vallée d'Aoste,2016,127030
1610,ITC20,Valle d'Aosta / Vallée d'Aoste,2017,126677
1611,ITC20,Valle d'Aosta / Vallée d'Aoste,2018,126213
1612,ITC20,Valle d'Aosta / Vallée d'Aoste,2019,125653
1613,ITC2,Valle d'Aosta / Vallée d'Aoste,2020,125034
1614,ITC2,Valle d'Aosta / Vallée d'Aoste,2021,124089
1615,ITC2,Valle d'Aosta / Vallée d'Aoste,2022,123360
1616,ITC2,Valle d'Aosta / Vallée d'Aoste,2023,122955
1617,ITC41,Varese,2011,873919
1618,ITC41,Varese,2012,877956
1619,ITC41,Varese,2013,882582
1620,ITC41,Varese,2014,885120
1621,ITC41,Varese,2015,885922
1622,ITC41,Varese,2016,885308
1623,ITC41,Varese,2017,884887
1624,ITC41,Varese,2018,884919
1625,ITC41,Varese,2019,885085
1626,ITC41,Varese,2020,884876
1627,ITC41,Varese,2021,880093
1628,ITC41,Varese,2022,877668
1629,ITC41,Varese,2023,877688
1630,ITD3,Veneto,2011,4879606
1631,ITD3,Veneto,2012,4887328
1632,ITD3,Veneto,2013,4901415
1633,ITD3,Veneto,2014,4905712
1634,ITD3,Veneto,2015,4902694
1635,ITD3,Veneto,2016,4890648
1636,ITD3,Veneto,2017,4883373
1637,ITD3,Veneto,2018,4880936
1638,ITD3,Veneto,2019,4884590
1639,ITD3,Veneto,2020,4879133
1640,ITD3,Veneto,2021,4869830
1641,ITD3,Veneto,2022,4847745
1642,ITD3,Veneto,2023,4838253
1643,ITD35,Venezia,2011,852008
1644,ITD35,Venezia,2012,853311
1645,ITD35,Venezia,2013,854270
1646,ITD35,Venezia,2014,854685
1647,ITD35,Venezia,2015,854245
1648,ITD35,Venezia,2016,852177
1649,ITD35,Venezia,2017,851353
1650,ITD35,Venezia,2018,850607
1651,ITD35,Venezia,2019,851057
1652,ITD35,Venezia,2020,848829
1653,ITD35,Venezia,2021,843545
1654,ITD35,Venezia,2022,836916
1655,ITD35,Venezia,2023,833703
1656,ITC14,Verbano-Cusio-Ossola,2011,162004
1657,ITC14,Verbano-Cusio-Ossola,2012,161719
1658,ITC14,Verbano-Cusio-Ossola,2013,161356
1659,ITC14,Verbano-Cusio-Ossola,2014,160906
1660,ITC14,Verbano-Cusio-Ossola,2015,160240
1661,ITC14,Verbano-Cusio-Ossola,2016,159292
1662,ITC14,Verbano-Cusio-Ossola,2017,158744
1663,ITC14,Verbano-Cusio-Ossola,2018,158131
1664,ITC14,Verbano-Cusio-Ossola,2019,157278
1665,ITC14,Verbano-Cusio-Ossola,2020,156320
1666,ITC14,Verbano-Cusio-Ossola,2021,154926
1667,ITC14,Verbano-Cusio-Ossola,2022,154249
1668,ITC14,Verbano-Cusio-Ossola,2023,153682
1669,ITC12,Vercelli,2011,178522
1670,ITC12,Vercelli,2012,177960
1671,ITC12,Vercelli,2013,177580
1672,ITC12,Vercelli,2014,176707
1673,ITC12,Vercelli,2015,175540
1674,ITC12,Vercelli,2016,174247
1675,ITC12,Vercelli,2017,173229
1676,ITC12,Vercelli,2019,170493
1677,ITC12,Vercelli,2020,169390
1678,ITC12,Vercelli,2021,166584
1679,ITC12,Vercelli,2022,166083
1680,ITC12,Vercelli,2023,165505
1681,ITD31,Verona,2011,906094
1682,ITD31,Verona,2012,909045
1683,ITD31,Verona,2013,914291
1684,ITD31,Verona,2014,917081
1685,ITD31,Verona,2015,918450
1686,ITD31,Verona,2016,918050
1687,ITD31,Verona,2017,918069
1688,ITD31,Verona,2018,919179
1689,ITD31,Verona,2019,922857
1690,ITD31,Verona,2020,924742
1691,ITD31,Verona,2021,927810
1692,ITD31,Verona,2022,924024
1693,ITD31,Verona,2023,923950
1694,ITF64,Vibo Valentia,2011,164605
1695,ITF64,Vibo Valentia,2012,163824
1696,ITF64,Vibo Valentia,2013,162516
1697,ITF64,Vibo Valentia,2014,161634
1698,ITF64,Vibo Valentia,2015,160684
1699,ITF64,Vibo Valentia,2016,159824
1700,ITF64,Vibo Valentia,2017,158569
1701,ITF64,Vibo Valentia,2018,157632
1702,ITF64,Vibo Valentia,2019,156378
1703,ITF64,Vibo Valentia,2020,154715
1704,ITF64,Vibo Valentia,2021,152193
1705,ITF64,Vibo Valentia,2022,151558
1706,ITF64,Vibo Valentia,2023,150166
1707,ITD32,Vicenza,2011,862700
1708,ITD32,Vicenza,2012,863323
1709,ITD32,Vicenza,2013,865839
1710,ITD32,Vicenza,2014,866418
1711,ITD32,Vicenza,2015,865350
1712,ITD32,Vicenza,2016,862551
1713,ITD32,Vicenza,2017,859736
1714,ITD32,Vicenza,2018,857645
1715,ITD32,Vicenza,2019,856939
1716,ITD32,Vicenza,2020,855297
1717,ITD32,Vicenza,2021,854962
1718,ITD32,Vicenza,2022,852139
1719,ITD32,Vicenza,2023,850942
1720,ITE41,Viterbo,2011,314801
1721,ITE41,Viterbo,2012,316475
1722,ITE41,Viterbo,2013,318165
1723,ITE41,Viterbo,2014,317858
1724,ITE41,Viterbo,2015,317302
1725,ITE41,Viterbo,2016,315682
1726,ITE41,Viterbo,2017,314003
1727,ITE41,Viterbo,2018,313010
1728,ITE41,Viterbo,2019,311761
1729,ITE41,Viterbo,2020,309795
1730,ITE41,Viterbo,2021,308830
1731,ITE41,Viterbo,2022,308737
1732,ITE41,Viterbo,2023,307446
